o_naam,d_naam,o_person_hec,o_poblacion,d_person_hec,d_poblacion,o_atrac,d_atrac,o_violencia,o_cimpropiedad,d_violencia,d_cimpropiedad,migra,oarea,o_tolerancia,darea,distance
Archipelbuurt,Arendsdorp,28.9,0,1478,38.3,14,5.42517,81.20862,4,142,22,18,456794.29,9,456508.23,1.8025568
Archipelbuurt,Burgen en Horsten,63.4,5,5607,38.3,3,55.62622,73.82207,40,302,22,1,456483.6,53,456508.23,1.8025568
Archipelbuurt,Componistenbuurt,121.4,0,1736,38.3,0,47.72196,131.299,8,53,22,2,453537.39,39,456508.23,1.8025568
Archipelbuurt,Duindorp,67.6,2,5662,38.3,3,46.05552,74.93383,29,120,22,1,456516.45,18,456508.23,1.8025568
Archipelbuurt,Kom Loosduinen,115.4,3,5286,38.3,0,216.3223,84.54276,29,223,22,0,452310.59,35,456508.23,1.8025568
Archipelbuurt,v Stolkpark/Schev Bosjes,6.5,2,701,38.3,0,3.58944,72.09832,6,97,22,0,457152.55,12,456508.23,1.8025568
Arendsdorp,Bezuidenhout-West,48.7,2,2620,13.2,0,33.46683,5.577805,120,767,4,2,455123.84,54,456794.29,1.7517589
Arendsdorp,De Velden,43.1,1,3105,13.2,0,5.315276,3.986457,14,32,4,0,453976.79,112,456794.29,1.7517589
Arendsdorp,Duindorp,67.6,2,5662,13.2,0,46.05552,3.542732,29,120,4,1,456516.45,18,456794.29,1.7517589
Arendsdorp,Laakkwartier-Oost,187.6,4,10223,13.2,1,153.5517,5.356454,94,526,4,1,452967.68,91,456794.29,1.7517589
Arendsdorp,Nieuw Waldeck,123.4,2,7503,13.2,1,24.78081,4.646401,35,202,4,0,452974.26,37,456794.29,1.7517589
Arendsdorp,Oostbroek-Noord,189,1,4253,13.2,0,368.3699,13.31457,67,383,4,0,453884.54,71,456794.29,1.7517589
Arendsdorp,Rond de Energiecentrale,97.2,2,4850,13.2,0,151.439,5.824575,58,381,4,0,454604.06,45,456794.29,1.7517589
Belgisch Park,Bezuidenhout-West,48.7,2,2620,37.9,0,33.46683,193.7078,120,767,69,6,455123.84,54,458771.21,1.8552631
Belgisch Park,Bosweide,21.5,0,1577,37.9,0,0,192.2023,4,30,69,1,451586.61,102,458771.21,1.8552631
Belgisch Park,De Uithof,6.7,0,895,37.9,0,10.74843,190.1453,10,122,69,0,450129.23,77,458771.21,1.8552631
Belgisch Park,Scheveningen Badplaats,101.8,1,5142,37.9,32,134.9139,193.5995,59,391,69,45,458491.39,15,458771.21,1.8552631
Bezuidenhout-Midden,Haagse Bos,3.6,1,422,28.5,0,0,119.7598,12,74,26,0,456196.18,49,455383.17,2.0567493
Bezuidenhout-Midden,Houtwijk,96.5,5,13372,28.5,2,24.01966,119.5663,95,560,26,0,452335.92,34,455383.17,2.0567493
Bezuidenhout-Midden,Kijkduin,11.9,3,1465,28.5,0,44.77864,119.8835,9,117,26,0,454298.21,31,455383.17,2.0567493
Bezuidenhout-Midden,Kraayenstein,14.9,1,4466,28.5,0,8.031817,118.7887,26,207,26,0,451071.59,32,455383.17,2.0567493
Bezuidenhout-Midden,Moerwijk-Zuid,101.1,3,4174,28.5,3,93.28185,122.8578,31,240,26,0,451423.04,85,455383.17,2.0567493
Bezuidenhout-Midden,Rustenburg,171.8,2,5772,28.5,1,81.35326,124.0047,46,270,26,0,453532.63,70,455383.17,2.0567493
Bezuidenhout-Midden,Uilennest,61.1,0,1789,28.5,0,29.86283,124.8299,5,71,26,4,456914.83,6,455383.17,2.0567493
Bezuidenhout-Midden,Vliegeniersbuurt,NA,3,NA,28.5,0,5.080656,119.8873,2,6,26,0,450694.2,100,455383.17,2.0567493
Bezuidenhout-Oost,Erasmus Veld,5.5,0,396,67.3,0,19.62793,144.6549,6,57,47,0,450542.77,94,455747.16,1.9392562
Bezuidenhout-Oost,Kortenbos,113.8,2,6852,67.3,23,501.1546,146.5967,141,1144,47,16,454904.27,60,455747.16,1.9392562
Bezuidenhout-Oost,Moerwijk-Oost,72.8,3,2614,67.3,2,46.87244,153.7233,26,165,47,0,451911.95,82,455747.16,1.9392562
Bezuidenhout-West,De Lanen,2.1,0,132,27.7,0,0,32.18309,1,0,120,2,453087.95,111,455123.84,1.7035573
Bezuidenhout-West,De Venen,0,0,NA,27.7,0,0,36.44425,0,2,120,0,452115.68,104,455123.84,1.7035573
Bezuidenhout-West,Geuzenkwartier,147.7,1,4595,27.7,1,70.73011,36.73029,15,122,120,0,456729.06,20,455123.84,1.7035573
Bezuidenhout-West,Hoge Veld,2.8,1,292,27.7,0,0.9184254,30.6443,1,39,120,0,449955.01,95,455123.84,1.7035573
Bezuidenhout-West,Houtwijk,96.5,5,13372,27.7,0,24.01966,29.94785,95,560,120,1,452335.92,34,455123.84,1.7035573
Bezuidenhout-West,Morgenstond-Oost,88,0,5167,27.7,1,126.6171,32.88707,36,308,120,2,452058.42,80,455123.84,1.7035573
Bezuidenhout-West,Nassaubuurt,55,1,1540,27.7,0,101.0414,38.34158,9,147,120,0,456211.1,5,455123.84,1.7035573
Binckhorst,De Venen,0,0,NA,1.3,0,0,21.62989,0,2,25,0,452115.68,104,453883.65,NA
Binckhorst,De Vissen,55.1,1,6736,1.3,1,0.7735986,13.31732,23,49,25,0,453221.58,113,453883.65,NA
Binckhorst,Haagse Bos,3.6,1,422,1.3,0,0,13.35497,12,74,25,0,456196.18,49,453883.65,NA
Binckhorst,Oostbroek-Noord,189,1,4253,1.3,0,368.3699,27.97569,67,383,25,0,453884.54,71,453883.65,NA
Binckhorst,Transvaalkwartier-Noord,231.7,1,4287,1.3,0,427.716,31.87943,63,221,25,0,454095.83,67,453883.65,NA
Binckhorst,v Hoytemastraat eo,84.2,4,2139,1.3,0,208.6932,25.68169,5,132,25,0,456547.83,10,453883.65,NA
Binckhorst,Zijden/Steden/Zichten,77.3,6,7146,1.3,0,48.80037,14.28963,49,221,25,0,450854.71,75,453883.65,NA
Bloemenbuurt-Oost,De Lanen,2.1,0,132,56.3,0,0,104.2688,1,0,9,1,453087.95,111,454928.9,1.9436934
Bloemenbuurt-Oost,De Venen,0,0,NA,56.3,0,0,107.1096,0,2,9,0,452115.68,104,454928.9,1.9436934
Bloemenbuurt-Oost,De Vissen,55.1,1,6736,56.3,0,0.7735986,102.9533,23,49,9,0,453221.58,113,454928.9,1.9436934
Bloemenbuurt-Oost,Dreven en Gaarden,93.2,10,8834,56.3,2,51.90697,103.4417,77,326,9,2,450403.42,76,454928.9,1.9436934
Bloemenbuurt-Oost,Koningsplein eo,170.3,1,7083,56.3,12,404.8308,106.0862,58,512,9,13,455030.03,46,454928.9,1.9436934
Bloemenbuurt-Oost,Morgenstond-Zuid,112.9,3,5306,56.3,0,117.3994,105.5254,42,316,9,3,451240.78,78,454928.9,1.9436934
Bloemenbuurt-Oost,Vogelwijk,18.6,8,4912,56.3,6,8.065941,102.1743,14,330,9,11,455497.52,27,454928.9,1.9436934
Bloemenbuurt-West,Bloemenbuurt-West,82.1,2,2224,38,16,24.80932,24.80932,9,105,9,5,454475.93,24,454475.93,1.8601398
Bloemenbuurt-West,Dreven en Gaarden,93.2,10,8834,38,0,51.90697,17.23011,77,326,9,1,450403.42,76,454475.93,1.8601398
Bloemenbuurt-West,Houtwijk,96.5,5,13372,38,8,24.01966,16.23558,95,560,9,3,452335.92,34,454475.93,1.8601398
Bloemenbuurt-West,Moerwijk-Oost,72.8,3,2614,38,0,46.87244,21.98883,26,165,9,0,451911.95,82,454475.93,1.8601398
Bloemenbuurt-West,Schildersbuurt-Oost,221.2,5,7720,38,0,88.95087,22.7849,131,398,9,0,453579.33,66,454475.93,1.8601398
Bloemenbuurt-West,Schildersbuurt-West,229.6,10,14785,38,1,169.3404,18.8375,253,917,9,0,453837.54,64,454475.93,1.8601398
Bloemenbuurt-West,Valkenboskwartier,166.6,8,10829,38,12,261.0047,18.72916,94,555,9,3,454489.27,44,454475.93,1.8601398
Bloemenbuurt-West,Willemspark,42.3,3,1406,38,0,242.903,22.85186,5,167,9,0,455949.6,48,454475.93,1.8601398
Bloemenbuurt-West,Zeeheldenkwartier,132.8,3,10758,38,7,380.158,17.86761,113,859,9,6,455467.62,47,454475.93,1.8601398
Bohemen/Meer en Bos,Kijkduin,11.9,3,1465,35.1,14,44.77864,17.4387,9,117,12,5,454298.21,31,453795.66,1.9657197
Bohemen/Meer en Bos,Laakkwartier-Oost,187.6,4,10223,35.1,0,153.5517,20.26051,94,526,12,0,452967.68,91,453795.66,1.9657197
Bohemen/Meer en Bos,Oostbroek-Noord,189,1,4253,35.1,4,368.3699,28.21863,67,383,12,0,453884.54,71,453795.66,1.9657197
Bohemen/Meer en Bos,Oostbroek-Zuid,195.8,3,7383,35.1,1,230.926,22.86702,99,519,12,3,453384.99,72,453795.66,1.9657197
Bohemen/Meer en Bos,Rijslag,64.6,3,1601,35.1,0,38.85381,26.5602,14,106,12,0,458279.24,17,453795.66,1.9657197
Bohemen/Meer en Bos,Rustenburg,171.8,2,5772,35.1,9,81.35326,23.62048,46,270,12,0,453532.63,70,453795.66,1.9657197
Bohemen/Meer en Bos,Vissershaven,40.2,0,2817,35.1,1,63.556,18.64264,50,220,12,2,457308.96,14,453795.66,1.9657197
Bohemen/Meer en Bos,Waldeck-Noord,93.4,4,3082,35.1,12,124.9743,23.83079,18,139,12,6,453119.56,40,453795.66,1.9657197
Bomenbuurt,Bloemenbuurt-West,82.1,2,2224,60.1,3,24.80932,277.6236,9,105,32,3,454475.93,24,455282.72,1.9148484
Bomenbuurt,De Venen,0,0,NA,60.1,0,0,274.1614,0,2,32,0,452115.68,104,455282.72,1.9148484
Bomenbuurt,Duttendel,8.7,1,1127,60.1,0,9.77113,263.6608,9,77,32,1,457876.04,4,455282.72,1.9148484
Bomenbuurt,Hoge Veld,2.8,1,292,60.1,0,0.9184254,264.4948,1,39,32,1,449955.01,95,455282.72,1.9148484
Bomenbuurt,Huygenspark,113.6,1,5157,60.1,3,184.7127,270.6418,137,557,32,4,454185.69,57,455282.72,1.9148484
Bomenbuurt,Kom Loosduinen,115.4,3,5286,60.1,1,216.3223,270.6117,29,223,32,4,452310.59,35,455282.72,1.9148484
Bomenbuurt,Lage Veld,100.1,0,4475,60.1,0,8.675642,270.7472,8,42,32,0,448862.11,97,455282.72,1.9148484
Bomenbuurt,Marlot,9.7,0,803,60.1,0,2.164472,265.3138,5,24,32,0,457211.4,52,455282.72,1.9148484
Bomenbuurt,Morgenstond-Oost,88,0,5167,60.1,1,126.6171,268.2327,36,308,32,0,452058.42,80,455282.72,1.9148484
Bomenbuurt,Morgenweide,44.4,4,3659,60.1,0,2.276776,265.5946,20,80,32,0,451391.17,105,455282.72,1.9148484
Bomenbuurt,Tedingerbroek,NA,0,NA,60.1,0,0,269.9981,0,5,32,0,452171.22,103,455282.72,1.9148484
Bomenbuurt,Transvaalkwartier-Midden,169.7,5,4634,60.1,0,376.8987,278.1987,156,796,32,4,453753.38,68,455282.72,1.9148484
Bosjes van Pex,Bezuidenhout-Midden,50.7,8,3099,4.5,1,121.4319,11.87174,26,421,3,0,455383.17,55,454333.35,NA
Bosjes van Pex,Bloemenbuurt-Oost,104.8,5,6206,4.5,0,104.6773,11.97069,9,261,3,2,454928.9,25,454333.35,NA
Bosjes van Pex,Kortenbos,113.8,2,6852,4.5,0,501.1546,11.67278,141,1144,3,0,454904.27,60,454333.35,NA
Bosjes van Pex,Laakhaven-West,64.9,2,3640,4.5,0,151.0876,11.90478,82,650,3,0,453175.26,88,454333.35,NA
Bosjes van Pex,Laakkwartier-Oost,187.6,4,10223,4.5,0,153.5517,12.8701,94,526,3,0,452967.68,91,454333.35,NA
Bosjes van Pex,Morgenstond-West,109.4,8,6479,4.5,0,222.0103,12.02431,83,596,3,0,451765.29,79,454333.35,NA
Bosjes van Pex,Nieuw Waldeck,123.4,2,7503,4.5,1,24.78081,11.44999,35,202,3,0,452974.26,37,454333.35,NA
Bosjes van Pex,Waterbuurt,28.8,0,2878,4.5,0,0,7.796659,14,29,3,0,450061.4,107,454333.35,NA
Bosjes van Pex,Westbroekpark,22,0,898,4.5,0,10.84754,15.17424,4,72,3,0,457832.45,3,454333.35,NA
Bosweide,De Vissen,55.1,1,6736,7.3,6,0.7735986,0,23,49,4,0,453221.58,113,451586.61,NA
Bosweide,Eykenduynen,52.5,0,2556,7.3,1,41.88941,0,13,137,4,0,453725.17,42,451586.61,NA
Bosweide,Laakhaven-West,64.9,2,3640,7.3,0,151.0876,0,82,650,4,0,453175.26,88,451586.61,NA
Bosweide,Oostbroek-Zuid,195.8,3,7383,7.3,0,230.926,0,99,519,4,0,453384.99,72,451586.61,NA
Bosweide,Rosenburg,50.1,5,2486,7.3,0,92.86524,0,29,224,4,0,453312.66,38,451586.61,NA
Bosweide,Scheveningen Badplaats,101.8,1,5142,7.3,0,134.9139,0,59,391,4,0,458491.39,15,451586.61,NA
Bosweide,Schildersbuurt-Noord,223.5,8,10414,7.3,1,184.159,0,133,589,4,0,453981.39,65,451586.61,NA
Bosweide,Spoorwijk,117.2,2,3856,7.3,0,42.27845,0,35,197,4,0,452158.09,89,451586.61,NA
Bosweide,Venen/Oorden/Raden,110.4,2,8531,7.3,0,49.2802,0,70,290,4,0,451304.75,74,451586.61,NA
Bosweide,Voorhout,33.6,2,1991,7.3,3,576.2835,0,158,1789,4,2,455410.77,61,451586.61,NA
Bosweide,Waalsdorp,55.6,5,3484,7.3,0,23.21748,0,10,284,4,0,457271.43,8,451586.61,NA
Burgen en Horsten,Bosweide,21.5,0,1577,41.4,0,0,59.36647,4,30,40,2,451586.61,102,456483.6,1.6397728
Burgen en Horsten,Burgen en Horsten,63.4,5,5607,41.4,157,55.62622,55.62622,40,302,40,71,456483.6,53,456483.6,1.6397728
Burgen en Horsten,Laakkwartier-Oost,187.6,4,10223,41.4,8,153.5517,64.93096,94,526,40,4,452967.68,91,456483.6,1.6397728
Burgen en Horsten,Moerwijk-Noord,146.9,7,6772,41.4,9,27.4061,69.12576,55,450,40,3,452443.94,84,456483.6,1.6397728
Burgen en Horsten,Morgenstond-Zuid,112.9,3,5306,41.4,1,117.3994,68.49497,42,316,40,5,451240.78,78,456483.6,1.6397728
Burgen en Horsten,Rivierenbuurt-Noord,78.8,2,2773,41.4,1,262.1926,76.85888,35,360,40,4,454877.38,59,456483.6,1.6397728
Componistenbuurt,Bezuidenhout-Oost,115.6,4,8728,73.4,0,144.6151,31.17821,47,435,8,0,455747.16,56,453537.39,1.8412987
Componistenbuurt,Bloemenbuurt-Oost,104.8,5,6206,73.4,1,104.6773,32.17644,9,261,8,5,454928.9,25,453537.39,1.8412987
Componistenbuurt,Huygenspark,113.6,1,5157,73.4,0,184.7127,33.71315,137,557,8,0,454185.69,57,453537.39,1.8412987
Componistenbuurt,Koningsplein eo,170.3,1,7083,73.4,0,404.8308,34.28988,58,512,8,4,455030.03,46,453537.39,1.8412987
Componistenbuurt,Kraayenstein,14.9,1,4466,73.4,0,8.031817,28.16212,26,207,8,3,451071.59,32,453537.39,1.8412987
Componistenbuurt,Leyenburg,114.5,5,14620,73.4,8,58.3659,29.48612,76,926,8,5,452901.75,73,453537.39,1.8412987
Componistenbuurt,Nassaubuurt,55,1,1540,73.4,0,101.0414,37.72225,9,147,8,0,456211.1,5,453537.39,1.8412987
Componistenbuurt,Ockenburgh,2.8,0,889,73.4,0,4.665528,28.2028,19,214,8,0,452524.93,30,453537.39,1.8412987
Componistenbuurt,Oostbroek-Noord,189,1,4253,73.4,1,368.3699,40.58427,67,383,8,0,453884.54,71,453537.39,1.8412987
Componistenbuurt,Waalsdorp,55.6,5,3484,73.4,0,23.21748,31.91319,10,284,8,0,457271.43,8,453537.39,1.8412987
Componistenbuurt,Zonne Veld,58.2,1,2851,73.4,0,2.011219,33.30334,20,47,8,0,448382.87,98,453537.39,1.8412987
De Bras,Scheveningen Badplaats,101.8,1,5142,1.1,0,134.9139,34.64005,59,391,4,0,458491.39,15,449864.37,NA
De Bras,Schildersbuurt-Oost,221.2,5,7720,1.1,11,88.95087,54.51827,131,398,4,0,453579.33,66,449864.37,NA
De Bras,Vlietbuurt,1.1,0,206,1.1,0,5.714108,9.869823,8,40,4,0,452499.33,99,449864.37,NA
De Lanen,De Lanen,2.1,0,132,0.7,0,0,0,1,0,1,20,453087.95,111,453087.95,1.9780564
De Lanen,De Vissen,55.1,1,6736,0.7,0,0.7735986,0,23,49,1,64,453221.58,113,453087.95,1.9780564
De Lanen,Landen,81.3,2,4929,0.7,3,24.91781,0,21,165,1,3,456854.6,50,453087.95,1.9780564
De Lanen,Ockenburgh,2.8,0,889,0.7,0,4.665528,0,19,214,1,2,452524.93,30,453087.95,1.9780564
De Reef,Oud Scheveningen,110.2,4,2831,NA,0,202.0202,0,31,168,0,0,457923.01,13,452532.9,NA
De Reef,Waldeck-Zuid,103,0,2059,NA,0,4.803282,0,11,33,0,0,452667.99,36,452532.9,NA
De Rivieren,Houtwijk,96.5,5,13372,0,0,24.01966,6.440017,95,560,1,0,452335.92,34,453533.18,NA
De Rivieren,Noordpolderbuurt,171.2,6,8320,0,0,172.1,6.440017,105,300,1,0,453294.38,92,453533.18,NA
De Rivieren,Venen/Oorden/Raden,110.4,2,8531,0,0,49.2802,6.440017,70,290,1,0,451304.75,74,453533.18,NA
De Uithof,De Velden,43.1,1,3105,4.4,0,5.315276,19.94702,14,32,10,0,453976.79,112,450129.23,NA
De Uithof,Hoge Veld,2.8,1,292,4.4,0,0.9184254,14.20151,1,39,10,0,449955.01,95,450129.23,NA
De Uithof,Laakhaven-Oost,112.6,2,3199,4.4,0,68.11364,42.80403,64,318,10,0,453809.14,87,450129.23,NA
De Uithof,Laakkwartier-Oost,187.6,4,10223,4.4,0,153.5517,26.34034,94,526,10,0,452967.68,91,450129.23,NA
De Uithof,Nieuw Waldeck,123.4,2,7503,4.4,0,24.78081,23.02676,35,202,10,1,452974.26,37,450129.23,NA
De Velden,Bezuidenhout-West,48.7,2,2620,14.6,4,33.46683,5.315276,120,767,14,1,455123.84,54,453976.79,1.7982684
De Velden,Laakkwartier-Oost,187.6,4,10223,14.6,4,153.5517,5.315276,94,526,14,0,452967.68,91,453976.79,1.7982684
De Velden,Morgenweide,44.4,4,3659,14.6,0,2.276776,5.315276,20,80,14,7,451391.17,105,453976.79,1.7982684
De Velden,v Hoytemastraat eo,84.2,4,2139,14.6,0,208.6932,5.315276,5,132,14,0,456547.83,10,453976.79,1.7982684
De Velden,Valkenboskwartier,166.6,8,10829,14.6,1,261.0047,5.315276,94,555,14,0,454489.27,44,453976.79,1.7982684
De Velden,Visserijbuurt,140,2,3794,14.6,0,320.5801,5.315276,11,145,14,2,457836.12,16,453976.79,1.7982684
De Velden,Waalsdorp,55.6,5,3484,14.6,0,23.21748,5.315276,10,284,14,0,457271.43,8,453976.79,1.7982684
De Venen,De Lanen,2.1,0,132,0,0,0,0,1,0,0,0,453087.95,111,452115.68,NA
De Venen,Haagse Bos,3.6,1,422,0,0,0,0,12,74,0,0,456196.18,49,452115.68,NA
De Venen,Kerketuinen/Zichtenburg,4.7,1,374,0,0,17.11923,0,30,152,0,0,451558.07,33,452115.68,NA
De Venen,Kijkduin,11.9,3,1465,0,0,44.77864,0,9,117,0,0,454298.21,31,452115.68,NA
De Venen,Rietbuurt,0.7,0,65,0,0,0,0,0,1,0,0,452421.81,114,452115.68,NA
De Venen,Rivierenbuurt-Zuid,72.3,0,716,0,0,68.78323,0,11,103,0,0,454478.49,58,452115.68,NA
De Venen,Westvliet,1.1,1,135,0,0,11.23343,0,3,64,0,0,453909.47,109,452115.68,NA
De Venen,Zijden/Steden/Zichten,77.3,6,7146,0,0,48.80037,0,49,221,0,0,450854.71,75,452115.68,NA
De Vissen,De Lanen,2.1,0,132,19.4,0,0,0.7735986,1,0,23,7,453087.95,111,453221.58,1.8537662
De Vissen,De Rivieren,0.2,0,31,19.4,0,6.440017,0.7735986,1,103,23,0,453533.18,110,453221.58,1.8537662
De Vissen,De Velden,43.1,1,3105,19.4,6,5.315276,0.7735986,14,32,23,8,453976.79,112,453221.58,1.8537662
De Vissen,Dreven en Gaarden,93.2,10,8834,19.4,15,51.90697,0.7735986,77,326,23,0,450403.42,76,453221.58,1.8537662
De Vissen,Haagse Bos,3.6,1,422,19.4,0,0,0.7735986,12,74,23,0,456196.18,49,453221.58,1.8537662
De Vissen,Koningsplein eo,170.3,1,7083,19.4,2,404.8308,0.7735986,58,512,23,7,455030.03,46,453221.58,1.8537662
De Vissen,Laakhaven-Oost,112.6,2,3199,19.4,12,68.11364,0.7735986,64,318,23,4,453809.14,87,453221.58,1.8537662
De Vissen,Oostbroek-Zuid,195.8,3,7383,19.4,7,230.926,0.7735986,99,519,23,7,453384.99,72,453221.58,1.8537662
De Vissen,Tedingerbroek,NA,0,NA,19.4,0,0,0.7735986,0,5,23,0,452171.22,103,453221.58,1.8537662
De Vissen,Vissershaven,40.2,0,2817,19.4,0,63.556,0.7735986,50,220,23,0,457308.96,14,453221.58,1.8537662
Dreven en Gaarden,Componistenbuurt,121.4,0,1736,45.9,0,47.72196,156.3005,8,53,77,1,453537.39,39,450403.42,1.754349
Dreven en Gaarden,De Reef,NA,0,NA,45.9,0,0,62.57587,0,0,77,0,452532.9,101,450403.42,1.754349
Dreven en Gaarden,De Venen,0,0,NA,45.9,0,0,84.9182,0,2,77,0,452115.68,104,450403.42,1.754349
Dreven en Gaarden,Kerketuinen/Zichtenburg,4.7,1,374,45.9,5,17.11923,55.5973,30,152,77,1,451558.07,33,450403.42,1.754349
Dreven en Gaarden,Laakkwartier-West,166.9,6,7529,45.9,17,186.476,72.16811,69,478,77,21,452482.26,90,450403.42,1.754349
Dreven en Gaarden,Morgenstond-Oost,88,0,5167,45.9,33,126.6171,63.57512,36,308,77,13,452058.42,80,450403.42,1.754349
Dreven en Gaarden,Schildersbuurt-West,229.6,10,14785,45.9,73,169.3404,61.55133,253,917,77,49,453837.54,64,450403.42,1.754349
Dreven en Gaarden,v Hoytemastraat eo,84.2,4,2139,45.9,0,208.6932,103.1513,5,132,77,0,456547.83,10,450403.42,1.754349
Dreven en Gaarden,Willemspark,42.3,3,1406,45.9,0,242.903,85.63751,5,167,77,0,455949.6,48,450403.42,1.754349
Dreven en Gaarden,Zuiderpark,0,0,4,45.9,0,18.48224,50.22088,36,95,77,0,452548.29,81,450403.42,1.754349
Duindorp,Erasmus Veld,5.5,0,396,35.6,0,19.62793,47.07647,6,57,29,0,450542.77,94,456516.45,1.6912225
Duindorp,Rosenburg,50.1,5,2486,35.6,1,92.86524,52.08577,29,224,29,0,453312.66,38,456516.45,1.6912225
Duindorp,Uilennest,61.1,0,1789,35.6,0,29.86283,63.15297,5,71,29,0,456914.83,6,456516.45,1.6912225
Duindorp,Vlietbuurt,1.1,0,206,35.6,0,5.714108,40.76395,8,40,29,0,452499.33,99,456516.45,1.6912225
Duinzigt,Arendsdorp,28.9,0,1478,21.5,2,5.42517,27.73005,4,142,3,4,456794.29,9,457869.94,1.8075758
Duinzigt,Bezuidenhout-Midden,50.7,8,3099,21.5,0,121.4319,26.78356,26,421,3,0,455383.17,55,457869.94,1.8075758
Duinzigt,Bohemen/Meer en Bos,59,4,4469,21.5,0,18.63007,24.89812,12,180,3,2,453795.66,29,457869.94,1.8075758
Duinzigt,Rijslag,64.6,3,1601,21.5,0,38.85381,38.115,14,106,3,2,458279.24,17,457869.94,1.8075758
Duinzigt,Rivierenbuurt-Noord,78.8,2,2773,21.5,3,262.1926,32.20318,35,360,3,1,454877.38,59,457869.94,1.8075758
Duinzigt,Rivierenbuurt-Zuid,72.3,0,716,21.5,0,68.78323,67.81897,11,103,3,0,454478.49,58,457869.94,1.8075758
Duinzigt,Sweelinckplein eo,123.5,3,5284,21.5,2,193.3531,29.92956,36,350,3,1,455512.35,23,457869.94,1.8075758
Duinzigt,Uilennest,61.1,0,1789,21.5,2,29.86283,35.27856,5,71,3,5,456914.83,6,457869.94,1.8075758
Duinzigt,v Stolkpark/Schev Bosjes,6.5,2,701,21.5,0,3.58944,23.1749,6,97,3,0,457152.55,12,457869.94,1.8075758
Duinzigt,Vlietbuurt,1.1,0,206,21.5,0,5.714108,21.28542,8,40,3,0,452499.33,99,457869.94,1.8075758
Duinzigt,Zijden/Steden/Zichten,77.3,6,7146,21.5,0,48.80037,23.77147,49,221,3,0,450854.71,75,457869.94,1.8075758
Duttendel,Belgisch Park,80.6,4,7809,3.7,7,191.1005,11.44086,69,475,9,5,458771.21,2,457876.04,NA
Duttendel,Parkbuurt Oosteinde,72.5,2,3256,3.7,0,0,19.74692,5,57,9,0,449297.82,96,457876.04,NA
Duttendel,Vissershaven,40.2,0,2817,3.7,0,63.556,13.23312,50,220,9,0,457308.96,14,457876.04,NA
Duttendel,Waalsdorp,55.6,5,3484,3.7,2,23.21748,15.34458,10,284,9,1,457271.43,8,457876.04,NA
Duttendel,Waldeck-Noord,93.4,4,3082,3.7,1,124.9743,25.33881,18,139,9,1,453119.56,40,457876.04,NA
Duttendel,Zonne Veld,58.2,1,2851,3.7,0,2.011219,18.58828,20,47,9,0,448382.87,98,457876.04,NA
Erasmus Veld,Componistenbuurt,121.4,0,1736,1,0,47.72196,96.75245,8,53,6,0,453537.39,39,450542.77,1.716
Erasmus Veld,Eykenduynen,52.5,0,2556,1,1,41.88941,29.2348,13,137,6,0,453725.17,42,450542.77,1.716
Erasmus Veld,Haagse Bos,3.6,1,422,1,0,0,12.27069,12,74,6,0,456196.18,49,450542.77,1.716
Erasmus Veld,Kampen,40.8,3,2315,1,4,44.38519,24.32307,22,98,6,0,456051.35,51,450542.77,1.716
Erasmus Veld,Rivierenbuurt-Noord,78.8,2,2773,1,0,262.1926,39.15076,35,360,6,3,454877.38,59,450542.77,1.716
Erasmus Veld,Rosenburg,50.1,5,2486,1,1,92.86524,28.39422,29,224,6,2,453312.66,38,450542.77,1.716
Eykenduynen,Belgisch Park,80.6,4,7809,27,4,191.1005,40.88483,69,475,13,0,458771.21,2,453725.17,1.8304195
Eykenduynen,Componistenbuurt,121.4,0,1736,27,1,47.72196,46.7121,8,53,13,0,453537.39,39,453725.17,1.8304195
Eykenduynen,De Venen,0,0,NA,27,0,0,42.74642,0,2,13,0,452115.68,104,453725.17,1.8304195
Eykenduynen,Groente- en Fruitmarkt,105.3,2,4674,27,0,90.79683,41.91238,58,417,13,0,452912.11,86,453725.17,1.8304195
Eykenduynen,Huygenspark,113.6,1,5157,27,0,184.7127,42.0425,137,557,13,8,454185.69,57,453725.17,1.8304195
Eykenduynen,Laakhaven-West,64.9,2,3640,27,0,151.0876,41.51928,82,650,13,0,453175.26,88,453725.17,1.8304195
Eykenduynen,Schildersbuurt-Noord,223.5,8,10414,27,0,184.159,42.01145,133,589,13,0,453981.39,65,453725.17,1.8304195
Eykenduynen,Uilebomen,95.2,1,2732,27,0,369.3405,43.37902,98,721,13,0,454953.9,62,453725.17,1.8304195
Geuzenkwartier,Binckhorst,2.3,2,298,74.1,0,12.94904,59.40231,25,296,15,0,453883.65,93,456729.06,1.8282467
Geuzenkwartier,Koningsplein eo,170.3,1,7083,74.1,11,404.8308,67.69498,58,512,15,11,455030.03,46,456729.06,1.8282467
Geuzenkwartier,Marlot,9.7,0,803,74.1,0,2.164472,61.40585,5,24,15,0,457211.4,52,456729.06,1.8282467
Geuzenkwartier,Moerwijk-West,121.9,3,6073,74.1,1,167.0007,65.81824,57,326,15,0,451847.38,83,456729.06,1.8282467
Geuzenkwartier,Oostduinen,0,0,11,74.1,0,0.3211128,57.60023,9,58,15,0,459220.64,1,456729.06,1.8282467
Groente- en Fruitmarkt,Archipelbuurt,67.7,1,5852,45.4,1,74.60194,86.44691,22,427,58,2,456508.23,11,452912.11,1.6489736
Groente- en Fruitmarkt,De Bras,2.8,1,246,45.4,0,19.99097,85.96908,4,5,58,0,449864.37,108,452912.11,1.6489736
Groente- en Fruitmarkt,Laakkwartier-Oost,187.6,4,10223,45.4,18,153.5517,89.63572,94,526,58,18,452967.68,91,452912.11,1.6489736
Groente- en Fruitmarkt,Moerwijk-Oost,72.8,3,2614,45.4,3,46.87244,93.72842,26,165,58,4,451911.95,82,452912.11,1.6489736
Groente- en Fruitmarkt,Rustenburg,171.8,2,5772,45.4,9,81.35326,95.23566,46,270,58,15,453532.63,70,452912.11,1.6489736
Groente- en Fruitmarkt,Zuidwal,123.1,5,6180,45.4,5,948.1027,90.56384,290,2902,58,0,454554.21,63,452912.11,1.6489736
Haagse Bos,Bomenbuurt,108.9,7,5630,2.2,0,269.3194,0,32,461,12,0,455282.72,26,456196.18,NA
Haagse Bos,Erasmus Veld,5.5,0,396,2.2,0,19.62793,0,6,57,12,0,450542.77,94,456196.18,NA
Haagse Bos,Laakkwartier-Oost,187.6,4,10223,2.2,0,153.5517,0,94,526,12,0,452967.68,91,456196.18,NA
Haagse Bos,Rijslag,64.6,3,1601,2.2,0,38.85381,0,14,106,12,0,458279.24,17,456196.18,NA
Haagse Bos,Spoorwijk,117.2,2,3856,2.2,0,42.27845,0,35,197,12,0,452158.09,89,456196.18,NA
Heesterbuurt,De Vissen,55.1,1,6736,90.3,6,0.7735986,87.492,23,49,40,0,453221.58,113,454267.97,1.9423198
Heesterbuurt,Huygenspark,113.6,1,5157,90.3,9,184.7127,91.61467,137,557,40,7,454185.69,57,454267.97,1.9423198
Heesterbuurt,Ockenburgh,2.8,0,889,90.3,0,4.665528,86.10431,19,214,40,1,452524.93,30,454267.97,1.9423198
Heesterbuurt,Rosenburg,50.1,5,2486,90.3,8,92.86524,90.97528,29,224,40,1,453312.66,38,454267.97,1.9423198
Heesterbuurt,Sweelinckplein eo,123.5,3,5284,90.3,21,193.3531,91.91608,36,350,40,7,455512.35,23,454267.97,1.9423198
Heesterbuurt,Waldeck-Zuid,103,0,2059,90.3,0,4.803282,99.58105,11,33,40,8,452667.99,36,454267.97,1.9423198
Hoge Veld,Bezuidenhout-Midden,50.7,8,3099,1,0,121.4319,0.9184254,26,421,1,2,455383.17,55,449955.01,1.7073426
Hoge Veld,Bezuidenhout-Oost,115.6,4,8728,1,0,144.6151,0.9184254,47,435,1,7,455747.16,56,449955.01,1.7073426
Hoge Veld,De Uithof,6.7,0,895,1,0,10.74843,0.9184254,10,122,1,0,450129.23,77,449955.01,1.7073426
Hoge Veld,Heesterbuurt,164.4,3,6742,1,0,92.4716,0.9184254,40,289,1,14,454267.97,43,449955.01,1.7073426
Hoge Veld,Kampen,40.8,3,2315,1,0,44.38519,0.9184254,22,98,1,0,456051.35,51,449955.01,1.7073426
Hoge Veld,Schildersbuurt-Oost,221.2,5,7720,1,0,88.95087,0.9184254,131,398,1,4,453579.33,66,449955.01,1.7073426
Hoge Veld,Westbroekpark,22,0,898,1,0,10.84754,0.9184254,4,72,1,0,457832.45,3,449955.01,1.7073426
Houtwijk,Duinzigt,35.3,2,2420,40.2,0,25.87582,28.52728,3,122,95,0,457869.94,7,452335.92,1.7734488
Houtwijk,Laakhaven-West,64.9,2,3640,40.2,1,151.0876,29.64959,82,650,95,2,453175.26,88,452335.92,1.7734488
Houtwijk,Leyenburg,114.5,5,14620,40.2,106,58.3659,24.33485,76,926,95,29,452901.75,73,452335.92,1.7734488
Houtwijk,Morgenweide,44.4,4,3659,40.2,0,2.276776,26.73233,20,80,95,2,451391.17,105,452335.92,1.7734488
Huygenspark,Dreven en Gaarden,93.2,10,8834,67.1,4,51.90697,179.0625,77,326,137,6,450403.42,76,454185.69,1.8414141
Huygenspark,Duindorp,67.6,2,5662,67.1,3,46.05552,179.8781,29,120,137,24,456516.45,18,454185.69,1.8414141
Huygenspark,Haagse Bos,3.6,1,422,67.1,0,0,177.8886,12,74,137,1,456196.18,49,454185.69,1.8414141
Huygenspark,Marlot,9.7,0,803,67.1,0,2.164472,179.3847,5,24,137,0,457211.4,52,454185.69,1.8414141
Huygenspark,Rijslag,64.6,3,1601,67.1,0,38.85381,193.4005,14,106,137,0,458279.24,17,454185.69,1.8414141
Huygenspark,Rivierenbuurt-Zuid,72.3,0,716,67.1,2,68.78323,223.1044,11,103,137,4,454478.49,58,454185.69,1.8414141
Huygenspark,Zeeheldenkwartier,132.8,3,10758,67.1,22,380.158,180.125,113,859,137,33,455467.62,47,454185.69,1.8414141
Kampen,Bloemenbuurt-West,82.1,2,2224,25.8,1,24.80932,70.9893,9,105,22,0,454475.93,24,456051.35,1.9542997
Kampen,Erasmus Veld,5.5,0,396,25.8,0,19.62793,39.69005,6,57,22,0,450542.77,94,456051.35,1.9542997
Kampen,Moerwijk-Zuid,101.1,3,4174,25.8,1,93.28185,54.01929,31,240,22,0,451423.04,85,456051.35,1.9542997
Kampen,Morgenstond-Oost,88,0,5167,25.8,3,126.6171,44.69485,36,308,22,0,452058.42,80,456051.35,1.9542997
Kampen,Rijslag,64.6,3,1601,25.8,2,38.85381,75.76598,14,106,22,1,458279.24,17,456051.35,1.9542997
Kampen,Rivierenbuurt-Zuid,72.3,0,716,25.8,0,68.78323,158.9371,11,103,22,1,454478.49,58,456051.35,1.9542997
Kampen,Rosenburg,50.1,5,2486,25.8,2,92.86524,48.45634,29,224,22,0,453312.66,38,456051.35,1.9542997
Kampen,Rustenburg,171.8,2,5772,25.8,1,81.35326,62.04728,46,270,22,3,453532.63,70,456051.35,1.9542997
Kampen,Uilennest,61.1,0,1789,25.8,0,29.86283,67.82394,5,71,22,0,456914.83,6,456051.35,1.9542997
Kampen,Waterbuurt,28.8,0,2878,25.8,0,0,34.52941,14,29,22,2,450061.4,107,456051.35,1.9542997
Kampen,Westvliet,1.1,1,135,25.8,0,11.23343,31.85518,3,64,22,0,453909.47,109,456051.35,1.9542997
Kerketuinen/Zichtenburg,Belgisch Park,80.6,4,7809,4.5,3,191.1005,16.88658,69,475,30,0,458771.21,2,451558.07,NA
Kerketuinen/Zichtenburg,Moerwijk-Noord,146.9,7,6772,4.5,1,27.4061,18.00459,55,450,30,0,452443.94,84,451558.07,NA
Kerketuinen/Zichtenburg,Stadhoudersplantsoen,80.1,4,1723,4.5,0,162.8909,20.18303,16,196,30,0,455806.33,22,451558.07,NA
Kerketuinen/Zichtenburg,Sweelinckplein eo,123.5,3,5284,4.5,6,193.3531,18.14472,36,350,30,0,455512.35,23,451558.07,NA
Kijkduin,Arendsdorp,28.9,0,1478,6.2,0,5.42517,44.77864,4,142,9,4,456794.29,9,454298.21,NA
Kijkduin,De Rivieren,0.2,0,31,6.2,0,6.440017,44.77864,1,103,9,0,453533.18,110,454298.21,NA
Kijkduin,De Vissen,55.1,1,6736,6.2,0,0.7735986,44.77864,23,49,9,0,453221.58,113,454298.21,NA
Kijkduin,Kampen,40.8,3,2315,6.2,0,44.38519,44.77864,22,98,9,0,456051.35,51,454298.21,NA
Kijkduin,Kerketuinen/Zichtenburg,4.7,1,374,6.2,0,17.11923,44.77864,30,152,9,0,451558.07,33,454298.21,NA
Kijkduin,Rivierenbuurt-Noord,78.8,2,2773,6.2,0,262.1926,44.77864,35,360,9,0,454877.38,59,454298.21,NA
Kijkduin,Tedingerbroek,NA,0,NA,6.2,0,0,44.77864,0,5,9,0,452171.22,103,454298.21,NA
Kijkduin,Transvaalkwartier-Midden,169.7,5,4634,6.2,0,376.8987,44.77864,156,796,9,0,453753.38,68,454298.21,NA
Kijkduin,v Stolkpark/Schev Bosjes,6.5,2,701,6.2,0,3.58944,44.77864,6,97,9,0,457152.55,12,454298.21,NA
Kijkduin,Vliegeniersbuurt,NA,3,NA,6.2,0,5.080656,44.77864,2,6,9,0,450694.2,100,454298.21,NA
Kijkduin,Vogelwijk,18.6,8,4912,6.2,5,8.065941,44.77864,14,330,9,1,455497.52,27,454298.21,NA
Kom Loosduinen,Laakhaven-West,64.9,2,3640,61,1,151.0876,211.6674,82,650,29,2,453175.26,88,452310.59,NA
Kom Loosduinen,Schildersbuurt-West,229.6,10,14785,61,0,169.3404,211.0283,253,917,29,3,453837.54,64,452310.59,NA
Kom Loosduinen,Transvaalkwartier-Noord,231.7,1,4287,61,4,427.716,245.7732,63,221,29,2,454095.83,67,452310.59,NA
Kom Loosduinen,Vliegeniersbuurt,NA,3,NA,61,0,5.080656,204.667,2,6,29,0,450694.2,100,452310.59,NA
Kom Loosduinen,Vogelwijk,18.6,8,4912,61,1,8.065941,200.5029,14,330,29,0,455497.52,27,452310.59,NA
Kom Loosduinen,Westbroekpark,22,0,898,61,0,10.84754,216.5716,4,72,29,0,457832.45,3,452310.59,NA
Koningsplein eo,Haagse Bos,3.6,1,422,93.8,0,0,398.6026,12,74,58,0,456196.18,49,455030.03,2.0232322
Koningsplein eo,Kampen,40.8,3,2315,93.8,4,44.38519,402.0462,22,98,58,2,456051.35,51,455030.03,2.0232322
Koningsplein eo,Kerketuinen/Zichtenburg,4.7,1,374,93.8,3,17.11923,400.3618,30,152,58,1,451558.07,33,455030.03,2.0232322
Koningsplein eo,Morgenstond-Zuid,112.9,3,5306,93.8,5,117.3994,403.7091,42,316,58,2,451240.78,78,455030.03,2.0232322
Koningsplein eo,Morgenweide,44.4,4,3659,93.8,0,2.276776,400.0241,20,80,58,5,451391.17,105,455030.03,2.0232322
Koningsplein eo,Rosenburg,50.1,5,2486,93.8,1,92.86524,403.2094,29,224,58,2,453312.66,38,455030.03,2.0232322
Koningsplein eo,Uilebomen,95.2,1,2732,93.8,6,369.3405,409.408,98,721,58,0,454953.9,62,455030.03,2.0232322
Koningsplein eo,Uilennest,61.1,0,1789,93.8,1,29.86283,408.743,5,71,58,2,456914.83,6,455030.03,2.0232322
Koningsplein eo,Vissershaven,40.2,0,2817,93.8,1,63.556,400.4554,50,220,58,0,457308.96,14,455030.03,2.0232322
Koningsplein eo,Zeeheldenkwartier,132.8,3,10758,93.8,59,380.158,400.3917,113,859,58,60,455467.62,47,455030.03,2.0232322
Koningsplein eo,Zorgvliet,3.9,4,333,93.8,4,6.853109,400.0393,21,280,58,0,456290.84,21,455030.03,2.0232322
Kortenbos,De Bras,2.8,1,246,68.4,0,19.99097,492.6141,4,5,141,0,449864.37,108,454904.27,1.8568994
Kortenbos,Duttendel,8.7,1,1127,68.4,1,9.77113,487.8057,9,77,141,0,457876.04,4,454904.27,1.8568994
Kortenbos,Geuzenkwartier,147.7,1,4595,68.4,6,70.73011,522.933,15,122,141,6,456729.06,20,454904.27,1.8568994
Kortenbos,Moerwijk-Noord,146.9,7,6772,68.4,10,27.4061,509.5102,55,450,141,3,452443.94,84,454904.27,1.8568994
Kortenbos,Morgenstond-West,109.4,8,6479,68.4,13,222.0103,502.092,83,596,141,13,451765.29,79,454904.27,1.8568994
Kortenbos,Spoorwijk,117.2,2,3856,68.4,17,42.27845,524.0978,35,197,141,0,452158.09,89,454904.27,1.8568994
Kortenbos,Zuidwal,123.1,5,6180,68.4,28,948.1027,507.3174,290,2902,141,51,454554.21,63,454904.27,1.8568994
Kraayenstein,Eykenduynen,52.5,0,2556,7.3,1,41.88941,30.09619,13,137,26,1,453725.17,42,451071.59,1.8518518
Kraayenstein,Koningsplein eo,170.3,1,7083,7.3,3,404.8308,34.58546,58,512,26,5,455030.03,46,451071.59,1.8518518
Kraayenstein,Rijslag,64.6,3,1601,7.3,2,38.85381,54.6746,14,106,26,0,458279.24,17,451071.59,1.8518518
Kraayenstein,Scheveningen Badplaats,101.8,1,5142,7.3,4,134.9139,27.86574,59,391,26,2,458491.39,15,451071.59,1.8518518
Kraayenstein,Spoorwijk,117.2,2,3856,7.3,0,42.27845,43.4232,35,197,26,0,452158.09,89,451071.59,1.8518518
Kraayenstein,v Stolkpark/Schev Bosjes,6.5,2,701,7.3,0,3.58944,15.83033,6,97,26,1,457152.55,12,451071.59,1.8518518
Kraayenstein,Zuiderpark,0,0,4,7.3,0,18.48224,16.1781,36,95,26,0,452548.29,81,451071.59,1.8518518
Laakhaven-Oost,Laakkwartier-Oost,187.6,4,10223,57.6,28,153.5517,64.5857,94,526,64,19,452967.68,91,453809.14,1.9548951
Laakhaven-Oost,Scheveningen Badplaats,101.8,1,5142,57.6,5,134.9139,64.69873,59,391,64,0,458491.39,15,453809.14,1.9548951
Laakhaven-Oost,Zeeheldenkwartier,132.8,3,10758,57.6,13,380.158,62.9201,113,859,64,5,455467.62,47,453809.14,1.9548951
Laakhaven-West,Binckhorst,2.3,2,298,34.3,1,12.94904,147.3153,25,296,82,0,453883.65,93,453175.26,1.5378788
Laakhaven-West,De Reef,NA,0,NA,34.3,0,0,151.0312,0,0,82,0,452532.9,101,453175.26,1.5378788
Laakhaven-West,Huygenspark,113.6,1,5157,34.3,7,184.7127,153.1805,137,557,82,5,454185.69,57,453175.26,1.5378788
Laakhaven-West,Kraayenstein,14.9,1,4466,34.3,0,8.031817,145.7791,26,207,82,4,451071.59,32,453175.26,1.5378788
Laakhaven-West,Moerwijk-Oost,72.8,3,2614,34.3,2,46.87244,155.0053,26,165,82,5,451911.95,82,453175.26,1.5378788
Laakhaven-West,Morgenstond-Oost,88,0,5167,34.3,2,126.6171,151.2533,36,308,82,1,452058.42,80,453175.26,1.5378788
Laakhaven-West,Rivierenbuurt-Noord,78.8,2,2773,34.3,2,262.1926,155.4013,35,360,82,3,454877.38,59,453175.26,1.5378788
Laakhaven-West,Vliegeniersbuurt,NA,3,NA,34.3,0,5.080656,147.9763,2,6,82,0,450694.2,100,453175.26,1.5378788
Laakkwartier-Oost,Koningsplein eo,170.3,1,7083,97.6,19,404.8308,156.3246,58,512,94,15,455030.03,46,452967.68,1.9760269
Laakkwartier-Oost,Noordpolderbuurt,171.2,6,8320,97.6,96,172.1,154.7478,105,300,94,80,453294.38,92,452967.68,1.9760269
Laakkwartier-Oost,Parkbuurt Oosteinde,72.5,2,3256,97.6,1,0,155.5079,5,57,94,0,449297.82,96,452967.68,1.9760269
Laakkwartier-Oost,Rietbuurt,0.7,0,65,97.6,0,0,149.5623,0,1,94,0,452421.81,114,452967.68,1.9760269
Laakkwartier-Oost,Transvaalkwartier-Midden,169.7,5,4634,97.6,29,376.8987,162.9203,156,796,94,13,453753.38,68,452967.68,1.9760269
Laakkwartier-Oost,Zonne Veld,58.2,1,2851,97.6,2,2.011219,154.6804,20,47,94,1,448382.87,98,452967.68,1.9760269
Laakkwartier-West,Bezuidenhout-Oost,115.6,4,8728,81.2,5,144.6151,183.1137,47,435,69,2,455747.16,56,452482.26,1.7424242
Laakkwartier-West,Burgen en Horsten,63.4,5,5607,81.2,5,55.62622,182.1813,40,302,69,1,456483.6,53,452482.26,1.7424242
Laakkwartier-West,Lage Veld,100.1,0,4475,81.2,3,8.675642,186.578,8,42,69,1,448862.11,97,452482.26,1.7424242
Laakkwartier-West,Nieuw Waldeck,123.4,2,7503,81.2,9,24.78081,184.0976,35,202,69,1,452974.26,37,452482.26,1.7424242
Laakkwartier-West,Transvaalkwartier-Noord,231.7,1,4287,81.2,9,427.716,199.5589,63,221,69,11,454095.83,67,452482.26,1.7424242
Laakkwartier-West,v Hoytemastraat eo,84.2,4,2139,81.2,2,208.6932,193.3611,5,132,69,0,456547.83,10,452482.26,1.7424242
Laakkwartier-West,Westvliet,1.1,1,135,81.2,0,11.23343,180.898,3,64,69,0,453909.47,109,452482.26,1.7424242
Laakkwartier-West,Willemspark,42.3,3,1406,81.2,0,242.903,189.4692,5,167,69,0,455949.6,48,452482.26,1.7424242
Lage Veld,De Bras,2.8,1,246,36.8,0,19.99097,7.558887,4,5,8,0,449864.37,108,448862.11,1.8994318
Lage Veld,Duinzigt,35.3,2,2420,36.8,0,25.87582,7.944277,3,122,8,0,457869.94,7,448862.11,1.8994318
Lage Veld,Transvaalkwartier-Zuid,188.1,10,6792,36.8,9,218.756,9.275794,135,1081,8,0,453333.75,69,448862.11,1.8994318
Lage Veld,Visserijbuurt,140,2,3794,36.8,0,320.5801,10.19156,11,145,8,2,457836.12,16,448862.11,1.8994318
Lage Veld,Westvliet,1.1,1,135,36.8,0,11.23343,7.255627,3,64,8,0,453909.47,109,448862.11,1.8994318
Lage Veld,Zeeheldenkwartier,132.8,3,10758,36.8,2,380.158,7.737016,113,859,8,0,455467.62,47,448862.11,1.8994318
Landen,Archipelbuurt,67.7,1,5852,47.2,4,74.60194,21.83702,22,427,21,2,456508.23,11,456854.6,1.7734643
Landen,Dreven en Gaarden,93.2,10,8834,47.2,6,51.90697,21.05739,77,326,21,4,450403.42,76,456854.6,1.7734643
Landen,Rietbuurt,0.7,0,65,47.2,0,0,20.87638,0,1,21,0,452421.81,114,456854.6,1.7734643
Landen,Scheveningen Badplaats,101.8,1,5142,47.2,4,134.9139,25.88965,59,391,21,1,458491.39,15,456854.6,1.7734643
Leyenburg,Bloemenbuurt-West,82.1,2,2224,58.1,2,24.80932,97.64122,9,105,76,7,454475.93,24,452901.75,1.8617605
Leyenburg,Kom Loosduinen,115.4,3,5286,58.1,14,216.3223,78.00784,29,223,76,11,452310.59,35,452901.75,1.8617605
Leyenburg,Visserijbuurt,140,2,3794,58.1,3,320.5801,99.61018,11,145,76,5,457836.12,16,452901.75,1.8617605
Marlot,De Lanen,2.1,0,132,4.8,0,0,2.862709,1,0,5,0,453087.95,111,457211.4,NA
Marlot,Kijkduin,11.9,3,1465,4.8,0,44.77864,1.68976,9,117,5,0,454298.21,31,457211.4,NA
Marlot,Moerwijk-Oost,72.8,3,2614,4.8,0,46.87244,5.208048,26,165,5,0,451911.95,82,457211.4,NA
Marlot,Noordpolderbuurt,171.2,6,8320,4.8,0,172.1,4.049411,105,300,5,0,453294.38,92,457211.4,NA
Marlot,Oostbroek-Zuid,195.8,3,7383,4.8,0,230.926,5.308645,99,519,5,0,453384.99,72,457211.4,NA
Marlot,Oud Scheveningen,110.2,4,2831,4.8,0,202.0202,7.922361,31,168,5,0,457923.01,13,457211.4,NA
Marlot,Rijslag,64.6,3,1601,4.8,0,38.85381,7.770762,14,106,5,0,458279.24,17,457211.4,NA
Marlot,Westbroekpark,22,0,898,4.8,0,10.84754,4.339016,4,72,5,0,457832.45,3,457211.4,NA
Moerwijk-Noord,De Rivieren,0.2,0,31,76.5,0,6.440017,24.36069,1,103,55,0,453533.18,110,452443.94,1.8178787
Moerwijk-Noord,Kraayenstein,14.9,1,4466,76.5,1,8.031817,23.78472,26,207,55,3,451071.59,32,452443.94,1.8178787
Moerwijk-Noord,Ockenburgh,2.8,0,889,76.5,0,4.665528,23.81185,19,214,55,0,452524.93,30,452443.94,1.8178787
Moerwijk-Noord,Schildersbuurt-West,229.6,10,14785,76.5,23,169.3404,26.29694,253,917,55,42,453837.54,64,452443.94,1.8178787
Moerwijk-Oost,Bloemenbuurt-Oost,104.8,5,6206,47.2,0,104.6773,44.93555,9,261,26,0,454928.9,25,451911.95,1.800505
Moerwijk-Oost,Eykenduynen,52.5,0,2556,47.2,0,41.88941,45.65385,13,137,26,0,453725.17,42,451911.95,1.800505
Moerwijk-Oost,Kampen,40.8,3,2315,47.2,0,44.38519,44.95218,22,98,26,1,456051.35,51,451911.95,1.800505
Moerwijk-Oost,Nieuw Waldeck,123.4,2,7503,47.2,3,24.78081,44.76199,35,202,26,0,452974.26,37,451911.95,1.800505
Moerwijk-Oost,Ockenburgh,2.8,0,889,47.2,0,4.665528,42.28646,19,214,26,0,452524.93,30,451911.95,1.800505
Moerwijk-Oost,Rond de Energiecentrale,97.2,2,4850,47.2,5,151.439,45.54744,58,381,26,9,454604.06,45,451911.95,1.800505
Moerwijk-Oost,Transvaalkwartier-Zuid,188.1,10,6792,47.2,21,218.756,47.20251,135,1081,26,10,453333.75,69,451911.95,1.800505
Moerwijk-Oost,Uilennest,61.1,0,1789,47.2,0,29.86283,48.30057,5,71,26,0,456914.83,6,451911.95,1.800505
Moerwijk-Oost,Waldeck-Noord,93.4,4,3082,47.2,0,124.9743,47.61555,18,139,26,0,453119.56,40,451911.95,1.800505
Moerwijk-West,Nassaubuurt,55,1,1540,65.6,0,101.0414,183.7149,9,147,57,0,456211.1,5,451847.38,1.6612554
Moerwijk-West,Oostduinen,0,0,11,65.6,0,0.3211128,148.9211,9,58,57,0,459220.64,1,451847.38,1.6612554
Moerwijk-West,Rijslag,64.6,3,1601,65.6,0,38.85381,188.128,14,106,57,0,458279.24,17,451847.38,1.6612554
Moerwijk-West,Visserijbuurt,140,2,3794,65.6,1,320.5801,185.9219,11,145,57,0,457836.12,16,451847.38,1.6612554
Moerwijk-West,Vruchtenbuurt,129.3,3,6853,65.6,1,170.0633,165.9459,27,277,57,0,453995.4,41,451847.38,1.6612554
Moerwijk-Zuid,Bezuidenhout-Midden,50.7,8,3099,64.3,0,121.4319,84.01344,26,421,31,0,455383.17,55,451423.04,1.8238636
Moerwijk-Zuid,Bloemenbuurt-West,82.1,2,2224,64.3,1,24.80932,109.0397,9,105,31,0,454475.93,24,451423.04,1.8238636
Moerwijk-Zuid,Bosjes van Pex,8.6,0,393,64.3,0,15.10033,91.00871,3,101,31,0,454333.35,28,451423.04,1.8238636
Moerwijk-Zuid,De Vissen,55.1,1,6736,64.3,1,0.7735986,73.02203,23,49,31,0,453221.58,113,451423.04,1.8238636
Moerwijk-Zuid,Rietbuurt,0.7,0,65,64.3,0,0,75.80424,0,1,31,0,452421.81,114,451423.04,1.8238636
Moerwijk-Zuid,Schildersbuurt-Oost,221.2,5,7720,64.3,15,88.95087,100.2672,131,398,31,7,453579.33,66,451423.04,1.8238636
Moerwijk-Zuid,v Stolkpark/Schev Bosjes,6.5,2,701,64.3,0,3.58944,74.63092,6,97,31,0,457152.55,12,451423.04,1.8238636
Moerwijk-Zuid,Venen/Oorden/Raden,110.4,2,8531,64.3,14,49.2802,78.98131,70,290,31,14,451304.75,74,451423.04,1.8238636
Moerwijk-Zuid,Zuidwal,123.1,5,6180,64.3,6,948.1027,88.58964,290,2902,31,10,454554.21,63,451423.04,1.8238636
Morgenstond-Oost,Bloemenbuurt-West,82.1,2,2224,54.9,1,24.80932,139.7643,9,105,36,1,454475.93,24,452058.42,1.662909
Morgenstond-Oost,De Uithof,6.7,0,895,54.9,5,10.74843,119.6574,10,122,36,1,450129.23,77,452058.42,1.662909
Morgenstond-Oost,Kampen,40.8,3,2315,54.9,3,44.38519,126.4622,22,98,36,1,456051.35,51,452058.42,1.662909
Morgenstond-Oost,Laakkwartier-Oost,187.6,4,10223,54.9,7,153.5517,127.4534,94,526,36,8,452967.68,91,452058.42,1.662909
Morgenstond-Oost,Nieuw Waldeck,123.4,2,7503,54.9,17,24.78081,125.7966,35,202,36,8,452974.26,37,452058.42,1.662909
Morgenstond-Oost,Oostbroek-Noord,189,1,4253,54.9,4,368.3699,146.0223,67,383,36,9,453884.54,71,452058.42,1.662909
Morgenstond-Oost,Scheveningen Badplaats,101.8,1,5142,54.9,0,134.9139,127.7171,59,391,36,6,458491.39,15,452058.42,1.662909
Morgenstond-Oost,Uilennest,61.1,0,1789,54.9,0,29.86283,138.1816,5,71,36,0,456914.83,6,452058.42,1.662909
Morgenstond-Oost,v Hoytemastraat eo,84.2,4,2139,54.9,0,208.6932,142.0078,5,132,36,0,456547.83,10,452058.42,1.662909
Morgenstond-Oost,Vruchtenbuurt,129.3,3,6853,54.9,2,170.0633,128.0368,27,277,36,1,453995.4,41,452058.42,1.662909
Morgenstond-Oost,Waalsdorp,55.6,5,3484,54.9,0,23.21748,125.7898,10,284,36,0,457271.43,8,452058.42,1.662909
Morgenstond-West,Bosjes van Pex,8.6,0,393,62.1,0,15.10033,230.213,3,101,83,0,454333.35,28,451765.29,1.7166976
Morgenstond-West,De Uithof,6.7,0,895,62.1,0,10.74843,206.4464,10,122,83,0,450129.23,77,451765.29,1.7166976
Morgenstond-West,Hoge Veld,2.8,1,292,62.1,0,0.9184254,210.3927,1,39,83,9,449955.01,95,451765.29,1.7166976
Morgenstond-West,Huygenspark,113.6,1,5157,62.1,9,184.7127,230.0631,137,557,83,4,454185.69,57,451765.29,1.7166976
Morgenstond-West,Kom Loosduinen,115.4,3,5286,62.1,2,216.3223,229.9668,29,223,83,3,452310.59,35,451765.29,1.7166976
Morgenstond-West,Laakhaven-West,64.9,2,3640,62.1,2,151.0876,221.6915,82,650,83,8,453175.26,88,451765.29,1.7166976
Morgenstond-West,Moerwijk-Zuid,101.1,3,4174,62.1,8,93.28185,233.0107,31,240,83,9,451423.04,85,451765.29,1.7166976
Morgenstond-West,Oostbroek-Zuid,195.8,3,7383,62.1,27,230.926,238.1671,99,519,83,34,453384.99,72,451765.29,1.7166976
Morgenstond-West,Rivierenbuurt-Zuid,72.3,0,716,62.1,1,68.78323,352.9167,11,103,83,2,454478.49,58,451765.29,1.7166976
Morgenstond-West,Visserijbuurt,140,2,3794,62.1,2,320.5801,254.6552,11,145,83,0,457836.12,16,451765.29,1.7166976
Morgenstond-West,Voorhout,33.6,2,1991,62.1,0,576.2835,221.4536,158,1789,83,0,455410.77,61,451765.29,1.7166976
Morgenstond-West,Waterbuurt,28.8,0,2878,62.1,3,0,210.7365,14,29,83,0,450061.4,107,451765.29,1.7166976
Morgenstond-West,Westvliet,1.1,1,135,62.1,0,11.23343,207.6803,3,64,83,0,453909.47,109,451765.29,1.7166976
Morgenstond-Zuid,Arendsdorp,28.9,0,1478,65.6,0,5.42517,113.3794,4,142,42,0,456794.29,9,451240.78,1.8545455
Morgenstond-Zuid,Burgen en Horsten,63.4,5,5607,65.6,2,55.62622,101.561,40,302,42,0,456483.6,53,451240.78,1.8545455
Morgenstond-Zuid,De Vissen,55.1,1,6736,65.6,3,0.7735986,96.82278,23,49,42,0,453221.58,113,451240.78,1.8545455
Morgenstond-Zuid,Eykenduynen,52.5,0,2556,65.6,2,41.88941,116.3609,13,137,42,0,453725.17,42,451240.78,1.8545455
Morgenstond-Zuid,Moerwijk-Oost,72.8,3,2614,65.6,10,46.87244,126.1096,26,165,42,3,451911.95,82,451240.78,1.8545455
Morgenstond-Zuid,Ockenburgh,2.8,0,889,65.6,0,4.665528,89.42176,19,214,42,0,452524.93,30,451240.78,1.8545455
Morgenstond-Zuid,Rosenburg,50.1,5,2486,65.6,3,92.86524,115.4003,29,224,42,2,453312.66,38,451240.78,1.8545455
Morgenstond-Zuid,Transvaalkwartier-Noord,231.7,1,4287,65.6,9,427.716,171.0712,63,221,42,3,454095.83,67,451240.78,1.8545455
Morgenweide,Kijkduin,11.9,3,1465,16.2,1,44.77864,1.983268,9,117,20,0,454298.21,31,451391.17,1.8955843
Morgenweide,Koningsplein eo,170.3,1,7083,16.2,26,404.8308,3.478451,58,512,20,7,455030.03,46,451391.17,1.8955843
Morgenweide,Kraayenstein,14.9,1,4466,16.2,5,8.031817,1.435863,26,207,20,3,451071.59,32,451391.17,1.8955843
Morgenweide,Marlot,9.7,0,803,16.2,0,2.164472,2.220624,5,24,20,0,457211.4,52,451391.17,1.8955843
Morgenweide,Morgenstond-Oost,88,0,5167,16.2,8,126.6171,2.804402,36,308,20,1,452058.42,80,451391.17,1.8955843
Morgenweide,Nieuw Waldeck,123.4,2,7503,16.2,26,24.78081,2.687189,35,202,20,1,452974.26,37,451391.17,1.8955843
Morgenweide,Uilebomen,95.2,1,2732,16.2,10,369.3405,4.622733,98,721,20,1,454953.9,62,451391.17,1.8955843
Morgenweide,Venen/Oorden/Raden,110.4,2,8531,16.2,17,49.2802,2.370393,70,290,20,9,451304.75,74,451391.17,1.8955843
Morgenweide,Visserijbuurt,140,2,3794,16.2,5,320.5801,4.823217,11,145,20,0,457836.12,16,451391.17,1.8955843
Morgenweide,Zonne Veld,58.2,1,2851,16.2,2,2.011219,3.149607,20,47,20,1,448382.87,98,451391.17,1.8955843
Morgenweide,Zuidwal,123.1,5,6180,16.2,23,948.1027,3.109496,290,2902,20,0,454554.21,63,451391.17,1.8955843
Nassaubuurt,Eykenduynen,52.5,0,2556,25.4,0,41.88941,101.0414,13,137,9,0,453725.17,42,456211.1,1.8431818
Nassaubuurt,Huygenspark,113.6,1,5157,25.4,0,184.7127,101.0414,137,557,9,1,454185.69,57,456211.1,1.8431818
Nassaubuurt,Kraayenstein,14.9,1,4466,25.4,0,8.031817,101.0414,26,207,9,1,451071.59,32,456211.1,1.8431818
Nassaubuurt,Laakhaven-Oost,112.6,2,3199,25.4,1,68.11364,101.0414,64,318,9,1,453809.14,87,456211.1,1.8431818
Nassaubuurt,Moerwijk-Zuid,101.1,3,4174,25.4,0,93.28185,101.0414,31,240,9,0,451423.04,85,456211.1,1.8431818
Nassaubuurt,Ockenburgh,2.8,0,889,25.4,0,4.665528,101.0414,19,214,9,0,452524.93,30,456211.1,1.8431818
Nassaubuurt,Schildersbuurt-Oost,221.2,5,7720,25.4,0,88.95087,101.0414,131,398,9,0,453579.33,66,456211.1,1.8431818
Nassaubuurt,Spoorwijk,117.2,2,3856,25.4,0,42.27845,101.0414,35,197,9,0,452158.09,89,456211.1,1.8431818
Nieuw Waldeck,De Velden,43.1,1,3105,55,1,5.315276,23.90088,14,32,35,0,453976.79,112,452974.26,1.8579545
Nieuw Waldeck,Kraayenstein,14.9,1,4466,55,7,8.031817,19.7755,26,207,35,10,451071.59,32,452974.26,1.8579545
Nieuw Waldeck,Parkbuurt Oosteinde,72.5,2,3256,55,1,0,27.29256,5,57,35,2,449297.82,96,452974.26,1.8579545
Nieuw Waldeck,Voorhout,33.6,2,1991,55,0,576.2835,25.02453,158,1789,35,0,455410.77,61,452974.26,1.8579545
Nieuw Waldeck,Willemspark,42.3,3,1406,55,0,242.903,30.15242,5,167,35,1,455949.6,48,452974.26,1.8579545
Noordpolderbuurt,Bezuidenhout-West,48.7,2,2620,83,5,33.46683,170.611,120,767,105,3,455123.84,54,453294.38,1.7787879
Noordpolderbuurt,Binckhorst,2.3,2,298,83,0,12.94904,160.0114,25,296,105,0,453883.65,93,453294.38,1.7787879
Noordpolderbuurt,Bloemenbuurt-Oost,104.8,5,6206,83,1,104.6773,168.5979,9,261,105,2,454928.9,25,453294.38,1.7787879
Noordpolderbuurt,Duttendel,8.7,1,1127,83,0,9.77113,160.6422,9,77,105,0,457876.04,4,453294.38,1.7787879
Noordpolderbuurt,Nieuw Waldeck,123.4,2,7503,83,6,24.78081,167.8168,35,202,105,3,452974.26,37,453294.38,1.7787879
Noordpolderbuurt,Schildersbuurt-West,229.6,10,14785,83,53,169.3404,167.8598,253,917,105,35,453837.54,64,453294.38,1.7787879
Noordpolderbuurt,Uilennest,61.1,0,1789,83,0,29.86283,183.7404,5,71,105,1,456914.83,6,453294.38,1.7787879
Noordpolderbuurt,Willemspark,42.3,3,1406,83,0,242.903,179.9029,5,167,105,0,455949.6,48,453294.38,1.7787879
Ockenburgh,Duinzigt,35.3,2,2420,1.2,0,25.87582,20.43668,3,122,19,0,457869.94,7,452524.93,NA
Ockenburgh,Haagse Bos,3.6,1,422,1.2,0,0,11.2732,12,74,19,0,456196.18,49,452524.93,NA
Ockenburgh,Kijkduin,11.9,3,1465,1.2,0,44.77864,12.13936,9,117,19,1,454298.21,31,452524.93,NA
Ockenburgh,Oostbroek-Zuid,195.8,3,7383,1.2,0,230.926,37.47155,99,519,19,0,453384.99,72,452524.93,NA
Oostbroek-Noord,Componistenbuurt,121.4,0,1736,94.1,0,47.72196,377.8868,8,53,67,1,453537.39,39,453884.54,1.8909091
Oostbroek-Noord,Duindorp,67.6,2,5662,94.1,2,46.05552,355.3408,29,120,67,1,456516.45,18,453884.54,1.8909091
Oostbroek-Noord,Houtwijk,96.5,5,13372,94.1,8,24.01966,353.3622,95,560,67,3,452335.92,34,453884.54,1.8909091
Oostbroek-Noord,Lage Veld,100.1,0,4475,94.1,1,8.675642,359.2928,8,42,67,0,448862.11,97,453884.54,1.8909091
Oostbroek-Noord,Marlot,9.7,0,803,94.1,0,2.164472,354.9461,5,24,67,0,457211.4,52,453884.54,1.8909091
Oostbroek-Noord,Morgenstond-Zuid,112.9,3,5306,94.1,7,117.3994,358.8557,42,316,67,6,451240.78,78,453884.54,1.8909091
Oostbroek-Noord,Singels,85,2,4674,94.1,0,0,357.6166,14,81,67,0,450403.25,106,453884.54,1.8909091
Oostbroek-Noord,Statenkwartier,89.6,11,9063,94.1,3,198.5597,354.5686,55,549,67,0,456799.66,19,453884.54,1.8909091
Oostbroek-Noord,Waldeck-Zuid,103,0,2059,94.1,5,4.803282,369.8303,11,33,67,0,452667.99,36,453884.54,1.8909091
Oostbroek-Noord,Zuidwal,123.1,5,6180,94.1,13,948.1027,358.5016,290,2902,67,0,454554.21,63,453884.54,1.8909091
Oostbroek-Zuid,Archipelbuurt,67.7,1,5852,93.4,1,74.60194,226.4062,22,427,99,0,456508.23,11,453384.99,1.8592376
Oostbroek-Zuid,Eykenduynen,52.5,0,2556,93.4,2,41.88941,228.9473,13,137,99,2,453725.17,42,453384.99,1.8592376
Oostbroek-Zuid,Moerwijk-Zuid,101.1,3,4174,93.4,1,93.28185,229.9592,31,240,99,3,451423.04,85,453384.99,1.8592376
Oostbroek-Zuid,Schildersbuurt-Noord,223.5,8,10414,93.4,34,184.159,229.3134,133,589,99,14,453981.39,65,453384.99,1.8592376
Oostbroek-Zuid,Schildersbuurt-Oost,221.2,5,7720,93.4,18,88.95087,231.5712,131,398,99,17,453579.33,66,453384.99,1.8592376
Oostbroek-Zuid,Tedingerbroek,NA,0,NA,93.4,0,0,229.0203,0,5,99,0,452171.22,103,453384.99,1.8592376
Oostbroek-Zuid,Transvaalkwartier-Zuid,188.1,10,6792,93.4,68,218.756,231.2703,135,1081,99,44,453333.75,69,453384.99,1.8592376
Oostbroek-Zuid,Zorgvliet,3.9,4,333,93.4,0,6.853109,226.3896,21,280,99,0,456290.84,21,453384.99,1.8592376
Oostduinen,Hoge Veld,2.8,1,292,0,0,0.9184254,0.9184254,1,39,9,0,449955.01,95,459220.64,NA
Oostduinen,Huygenspark,113.6,1,5157,0,0,184.7127,2.147822,137,557,9,0,454185.69,57,459220.64,NA
Oostduinen,Rietbuurt,0.7,0,65,0,0,0,0.9876153,0,1,9,0,452421.81,114,459220.64,NA
Oud Scheveningen,Archipelbuurt,67.7,1,5852,58.7,2,74.60194,190.7664,22,427,31,0,456508.23,11,457923.01,1.791307
Oud Scheveningen,Bloemenbuurt-Oost,104.8,5,6206,58.7,2,104.6773,192.7178,9,261,31,3,454928.9,25,457923.01,1.791307
Oud Scheveningen,De Lanen,2.1,0,132,58.7,0,0,191.9009,1,0,31,0,453087.95,111,457923.01,1.791307
Oud Scheveningen,De Vissen,55.1,1,6736,58.7,1,0.7735986,189.2699,23,49,31,2,453221.58,113,457923.01,1.791307
Oud Scheveningen,Vissershaven,40.2,0,2817,58.7,18,63.556,191.1603,50,220,31,9,457308.96,14,457923.01,1.791307
Oud Scheveningen,Waldeck-Zuid,103,0,2059,58.7,0,4.803282,205.3886,11,33,31,0,452667.99,36,457923.01,1.791307
Parkbuurt Oosteinde,Morgenstond-West,109.4,8,6479,24,2,222.0103,0,83,596,5,0,451765.29,79,449297.82,1.886995
Parkbuurt Oosteinde,Rijslag,64.6,3,1601,24,0,38.85381,0,14,106,5,0,458279.24,17,449297.82,1.886995
Parkbuurt Oosteinde,Sweelinckplein eo,123.5,3,5284,24,0,193.3531,0,36,350,5,0,455512.35,23,449297.82,1.886995
Rietbuurt,Arendsdorp,28.9,0,1478,0.3,0,5.42517,0,4,142,0,0,456794.29,9,452421.81,NA
Rietbuurt,Bosjes van Pex,8.6,0,393,0.3,0,15.10033,0,3,101,0,0,454333.35,28,452421.81,NA
Rietbuurt,De Vissen,55.1,1,6736,0.3,0,0.7735986,0,23,49,0,18,453221.58,113,452421.81,NA
Rietbuurt,Heesterbuurt,164.4,3,6742,0.3,0,92.4716,0,40,289,0,3,454267.97,43,452421.81,NA
Rietbuurt,Hoge Veld,2.8,1,292,0.3,0,0.9184254,0,1,39,0,0,449955.01,95,452421.81,NA
Rietbuurt,Kerketuinen/Zichtenburg,4.7,1,374,0.3,0,17.11923,0,30,152,0,0,451558.07,33,452421.81,NA
Rietbuurt,Koningsplein eo,170.3,1,7083,0.3,0,404.8308,0,58,512,0,0,455030.03,46,452421.81,NA
Rietbuurt,Landen,81.3,2,4929,0.3,0,24.91781,0,21,165,0,0,456854.6,50,452421.81,NA
Rietbuurt,Noordpolderbuurt,171.2,6,8320,0.3,0,172.1,0,105,300,0,0,453294.38,92,452421.81,NA
Rietbuurt,Oostbroek-Zuid,195.8,3,7383,0.3,0,230.926,0,99,519,0,3,453384.99,72,452421.81,NA
Rietbuurt,Rond de Energiecentrale,97.2,2,4850,0.3,0,151.439,0,58,381,0,2,454604.06,45,452421.81,NA
Rietbuurt,Stadhoudersplantsoen,80.1,4,1723,0.3,0,162.8909,0,16,196,0,0,455806.33,22,452421.81,NA
Rietbuurt,Venen/Oorden/Raden,110.4,2,8531,0.3,0,49.2802,0,70,290,0,0,451304.75,74,452421.81,NA
Rijslag,Bomenbuurt,108.9,7,5630,35,2,269.3194,32.84772,32,461,14,0,455282.72,26,458279.24,1.8428571
Rijslag,Kijkduin,11.9,3,1465,35,0,44.77864,29.73231,9,117,14,0,454298.21,31,458279.24,1.8428571
Rijslag,Statenkwartier,89.6,11,9063,35,2,198.5597,30.16125,55,549,14,10,456799.66,19,458279.24,1.8428571
Rijslag,Sweelinckplein eo,123.5,3,5284,35,2,193.3531,33.94255,36,350,14,1,455512.35,23,458279.24,1.8428571
Rijslag,Uilennest,61.1,0,1789,35,2,29.86283,37.15195,5,71,14,0,456914.83,6,458279.24,1.8428571
Rivierenbuurt-Noord,Burgen en Horsten,63.4,5,5607,45,3,55.62622,257.2928,40,302,35,1,456483.6,53,454877.38,1.9607676
Rivierenbuurt-Noord,Rivierenbuurt-Noord,78.8,2,2773,45,37,262.1926,262.1926,35,360,35,41,454877.38,59,454877.38,1.9607676
Rivierenbuurt-Noord,Vissershaven,40.2,0,2817,45,0,63.556,257.8222,50,220,35,0,457308.96,14,454877.38,1.9607676
Rivierenbuurt-Noord,Vlietbuurt,1.1,0,206,45,0,5.714108,255.642,8,40,35,1,452499.33,99,454877.38,1.9607676
Rivierenbuurt-Noord,Waterbuurt,28.8,0,2878,45,2,0,256.9033,14,29,35,2,450061.4,107,454877.38,1.9607676
Rivierenbuurt-Zuid,Moerwijk-West,121.9,3,6073,44.9,1,167.0007,68.78323,57,326,11,3,451847.38,83,454478.49,NA
Rivierenbuurt-Zuid,Noordpolderbuurt,171.2,6,8320,44.9,5,172.1,68.78323,105,300,11,1,453294.38,92,454478.49,NA
Rivierenbuurt-Zuid,Oud Scheveningen,110.2,4,2831,44.9,0,202.0202,68.78323,31,168,11,1,457923.01,13,454478.49,NA
Rivierenbuurt-Zuid,Parkbuurt Oosteinde,72.5,2,3256,44.9,0,0,68.78323,5,57,11,0,449297.82,96,454478.49,NA
Rivierenbuurt-Zuid,Transvaalkwartier-Noord,231.7,1,4287,44.9,4,427.716,68.78323,63,221,11,0,454095.83,67,454478.49,NA
Rivierenbuurt-Zuid,Uilebomen,95.2,1,2732,44.9,1,369.3405,68.78323,98,721,11,1,454953.9,62,454478.49,NA
Rond de Energiecentrale,Kerketuinen/Zichtenburg,4.7,1,374,53.1,21,17.11923,145.6892,30,152,58,4,451558.07,33,454604.06,1.9
Rond de Energiecentrale,Laakkwartier-Oost,187.6,4,10223,53.1,14,153.5517,150.1906,94,526,58,32,452967.68,91,454604.06,1.9
Rond de Energiecentrale,Moerwijk-Noord,146.9,7,6772,53.1,6,27.4061,152.772,55,450,58,12,452443.94,84,454604.06,1.9
Rond de Energiecentrale,Nassaubuurt,55,1,1540,53.1,0,101.0414,163.7803,9,147,58,3,456211.1,5,454604.06,1.9
Rond de Energiecentrale,Rijslag,64.6,3,1601,53.1,0,38.85381,166.9898,14,106,58,3,458279.24,17,454604.06,1.9
Rond de Energiecentrale,Schildersbuurt-West,229.6,10,14785,53.1,19,169.3404,148.3354,253,917,58,44,453837.54,64,454604.06,1.9
Rond de Energiecentrale,Stadhoudersplantsoen,80.1,4,1723,53.1,2,162.8909,170.1996,16,196,58,2,455806.33,22,454604.06,1.9
Rond de Energiecentrale,Valkenboskwartier,166.6,8,10829,53.1,34,261.0047,148.0465,94,555,58,49,454489.27,44,454604.06,1.9
Rond de Energiecentrale,Voorhout,33.6,2,1991,53.1,1,576.2835,148.7846,158,1789,58,2,455410.77,61,454604.06,1.9
Rond de Energiecentrale,Waalsdorp,55.6,5,3484,53.1,1,23.21748,148.2894,10,284,58,0,457271.43,8,454604.06,1.9
Rond de Energiecentrale,Zorgvliet,3.9,4,333,53.1,0,6.853109,145.0442,21,280,58,1,456290.84,21,454604.06,1.9
Rosenburg,Duindorp,67.6,2,5662,28.8,3,46.05552,86.83498,29,120,29,0,456516.45,18,453312.66,NA
Rosenburg,Marlot,9.7,0,803,28.8,0,2.164472,86.04559,5,24,29,0,457211.4,52,453312.66,NA
Rosenburg,Oostduinen,0,0,11,28.8,0,0.3211128,79.9566,9,58,29,0,459220.64,1,453312.66,NA
Rosenburg,Rijslag,64.6,3,1601,28.8,0,38.85381,108.4707,14,106,29,6,458279.24,17,453312.66,NA
Rosenburg,Uilebomen,95.2,1,2732,28.8,2,369.3405,105.2625,98,721,29,0,454953.9,62,453312.66,NA
Rosenburg,Zorgvliet,3.9,4,333,28.8,0,6.853109,86.52518,21,280,29,0,456290.84,21,453312.66,NA
Rustenburg,Duttendel,8.7,1,1127,90,0,9.77113,68.43017,9,77,46,0,457876.04,4,453532.63,1.8472222
Rustenburg,Landen,81.3,2,4929,90,1,24.91781,73.88754,21,165,46,1,456854.6,50,453532.63,1.8472222
Rustenburg,Zonne Veld,58.2,1,2851,90,2,2.011219,75.98772,20,47,46,1,448382.87,98,453532.63,1.8472222
Scheveningen Badplaats,De Velden,43.1,1,3105,57,0,5.315276,129.9705,14,32,59,1,453976.79,112,458491.39,1.8746082
Scheveningen Badplaats,Eykenduynen,52.5,0,2556,57,1,41.88941,136.6296,13,137,59,1,453725.17,42,458491.39,1.8746082
Scheveningen Badplaats,Morgenstond-Zuid,112.9,3,5306,57,3,117.3994,137.2787,42,316,59,0,451240.78,78,458491.39,1.8746082
Scheveningen Badplaats,Stadhoudersplantsoen,80.1,4,1723,57,3,162.8909,159.5483,16,196,59,0,455806.33,22,458491.39,1.8746082
Scheveningen Badplaats,Vruchtenbuurt,129.3,3,6853,57,2,170.0633,135.3706,27,277,59,5,453995.4,41,458491.39,1.8746082
Scheveningen Badplaats,Zonne Veld,58.2,1,2851,57,2,2.011219,136.7945,20,47,59,1,448382.87,98,458491.39,1.8746082
Schildersbuurt-Noord,Binckhorst,2.3,2,298,98.8,0,12.94904,159.7598,25,296,133,6,453883.65,93,453981.39,1.7481818
Schildersbuurt-Noord,De Uithof,6.7,0,895,98.8,0,10.74843,159.5941,10,122,133,0,450129.23,77,453981.39,1.7481818
Schildersbuurt-Noord,Haagse Bos,3.6,1,422,98.8,0,0,161.4851,12,74,133,0,456196.18,49,453981.39,1.7481818
Schildersbuurt-Noord,Hoge Veld,2.8,1,292,98.8,0,0.9184254,163.7871,1,39,133,0,449955.01,95,453981.39,1.7481818
Schildersbuurt-Noord,Waterbuurt,28.8,0,2878,98.8,2,0,164.1524,14,29,133,3,450061.4,107,453981.39,1.7481818
Schildersbuurt-Noord,Westbroekpark,22,0,898,98.8,0,10.84754,185.0555,4,72,133,0,457832.45,3,453981.39,1.7481818
Schildersbuurt-Noord,Willemspark,42.3,3,1406,98.8,0,242.903,197.3328,5,167,133,0,455949.6,48,453981.39,1.7481818
Schildersbuurt-Oost,Arendsdorp,28.9,0,1478,85.6,0,5.42517,85.76789,4,142,131,1,456794.29,9,453579.33,1.6608392
Schildersbuurt-Oost,Kijkduin,11.9,3,1465,85.6,0,44.77864,82.87736,9,117,131,0,454298.21,31,453579.33,1.6608392
Schildersbuurt-Oost,Leyenburg,114.5,5,14620,85.6,7,58.3659,82.55914,76,926,131,1,452901.75,73,453579.33,1.6608392
Schildersbuurt-Oost,Oostduinen,0,0,11,85.6,0,0.3211128,81.30606,9,58,131,0,459220.64,1,453579.33,1.6608392
Schildersbuurt-Oost,Transvaalkwartier-Zuid,188.1,10,6792,85.6,76,218.756,88.64991,135,1081,131,45,453333.75,69,453579.33,1.6608392
Schildersbuurt-Oost,v Stolkpark/Schev Bosjes,6.5,2,701,85.6,0,3.58944,83.0348,6,97,131,0,457152.55,12,453579.33,1.6608392
Schildersbuurt-West,Bomenbuurt,108.9,7,5630,99.6,2,269.3194,173.2976,32,461,253,3,455282.72,26,453837.54,1.6375757
Schildersbuurt-West,Duinzigt,35.3,2,2420,99.6,0,25.87582,167.948,3,122,253,0,457869.94,7,453837.54,1.6375757
Schildersbuurt-West,Houtwijk,96.5,5,13372,99.6,9,24.01966,158.9327,95,560,253,7,452335.92,34,453837.54,1.6375757
Schildersbuurt-West,Moerwijk-Noord,146.9,7,6772,99.6,25,27.4061,175.9953,55,450,253,26,452443.94,84,453837.54,1.6375757
Schildersbuurt-West,Morgenstond-West,109.4,8,6479,99.6,20,222.0103,170.4316,83,596,253,14,451765.29,79,453837.54,1.6375757
Schildersbuurt-West,Morgenstond-Zuid,112.9,3,5306,99.6,10,117.3994,175.4131,42,316,253,11,451240.78,78,453837.54,1.6375757
Schildersbuurt-West,Oud Scheveningen,110.2,4,2831,99.6,1,202.0202,198.2316,31,168,253,1,457923.01,13,453837.54,1.6375757
Schildersbuurt-West,Rietbuurt,0.7,0,65,99.6,0,0,162.5488,0,1,253,0,452421.81,114,453837.54,1.6375757
Schildersbuurt-West,v Stolkpark/Schev Bosjes,6.5,2,701,99.6,0,3.58944,161.4657,6,97,253,0,457152.55,12,453837.54,1.6375757
Schildersbuurt-West,Vissershaven,40.2,0,2817,99.6,0,63.556,165.6517,50,220,253,0,457308.96,14,453837.54,1.6375757
Schildersbuurt-West,Waterbuurt,28.8,0,2878,99.6,3,0,161.9763,14,29,253,2,450061.4,107,453837.54,1.6375757
Singels,Bezuidenhout-Oost,115.6,4,8728,30.1,0,144.6151,0,47,435,14,2,455747.16,56,450403.25,1.8732058
Singels,Bloemenbuurt-Oost,104.8,5,6206,30.1,0,104.6773,0,9,261,14,0,454928.9,25,450403.25,1.8732058
Singels,Bosjes van Pex,8.6,0,393,30.1,2,15.10033,0,3,101,14,0,454333.35,28,450403.25,1.8732058
Singels,Componistenbuurt,121.4,0,1736,30.1,0,47.72196,0,8,53,14,0,453537.39,39,450403.25,1.8732058
Singels,Heesterbuurt,164.4,3,6742,30.1,3,92.4716,0,40,289,14,0,454267.97,43,450403.25,1.8732058
Singels,Laakhaven-Oost,112.6,2,3199,30.1,3,68.11364,0,64,318,14,1,453809.14,87,450403.25,1.8732058
Singels,Laakkwartier-Oost,187.6,4,10223,30.1,6,153.5517,0,94,526,14,13,452967.68,91,450403.25,1.8732058
Singels,Laakkwartier-West,166.9,6,7529,30.1,9,186.476,0,69,478,14,7,452482.26,90,450403.25,1.8732058
Singels,Leyenburg,114.5,5,14620,30.1,10,58.3659,0,76,926,14,8,452901.75,73,450403.25,1.8732058
Singels,Ockenburgh,2.8,0,889,30.1,0,4.665528,0,19,214,14,0,452524.93,30,450403.25,1.8732058
Singels,Schildersbuurt-Noord,223.5,8,10414,30.1,8,184.159,0,133,589,14,6,453981.39,65,450403.25,1.8732058
Singels,Spoorwijk,117.2,2,3856,30.1,5,42.27845,0,35,197,14,2,452158.09,89,450403.25,1.8732058
Spoorwijk,Duindorp,67.6,2,5662,57.2,3,46.05552,31.24458,29,120,35,0,456516.45,18,452158.09,1.7127273
Spoorwijk,Kijkduin,11.9,3,1465,57.2,0,44.77864,29.22839,9,117,35,0,454298.21,31,452158.09,1.7127273
Spoorwijk,Laakhaven-West,64.9,2,3640,57.2,0,151.0876,33.9067,82,650,35,14,453175.26,88,452158.09,1.7127273
Spoorwijk,Moerwijk-Oost,72.8,3,2614,57.2,2,46.87244,39.78326,26,165,35,1,451911.95,82,452158.09,1.7127273
Spoorwijk,Waterbuurt,28.8,0,2878,57.2,0,0,29.79858,14,29,35,0,450061.4,107,452158.09,1.7127273
Stadhoudersplantsoen,Kerketuinen/Zichtenburg,4.7,1,374,48.4,0,17.11923,156.7633,30,152,16,0,451558.07,33,455806.33,1.8985714
Stadhoudersplantsoen,Leyenburg,114.5,5,14620,48.4,5,58.3659,155.7953,76,926,16,0,452901.75,73,455806.33,1.8985714
Stadhoudersplantsoen,Oud Scheveningen,110.2,4,2831,48.4,3,202.0202,162.24,31,168,16,1,457923.01,13,455806.33,1.8985714
Stadhoudersplantsoen,Uilebomen,95.2,1,2732,48.4,2,369.3405,161.2864,98,721,16,1,454953.9,62,455806.33,1.8985714
Stadhoudersplantsoen,Vissershaven,40.2,0,2817,48.4,0,63.556,156.8101,50,220,16,1,457308.96,14,455806.33,1.8985714
Stadhoudersplantsoen,Zuidwal,123.1,5,6180,48.4,4,948.1027,158.2599,290,2902,16,2,454554.21,63,455806.33,1.8985714
Statenkwartier,De Lanen,2.1,0,132,44,0,0,199.4467,1,0,55,1,453087.95,111,456799.66,1.8024189
Statenkwartier,Hoge Veld,2.8,1,292,44,0,0.9184254,198.4208,1,39,55,1,449955.01,95,456799.66,1.8024189
Statenkwartier,Moerwijk-Oost,72.8,3,2614,44,0,46.87244,201.792,26,165,55,1,451911.95,82,456799.66,1.8024189
Statenkwartier,Spoorwijk,117.2,2,3856,44,2,42.27845,202.6238,35,197,55,2,452158.09,89,456799.66,1.8024189
Statenkwartier,Statenkwartier,89.6,11,9063,44,172,198.5597,198.5597,55,549,55,116,456799.66,19,456799.66,1.8024189
Statenkwartier,Transvaalkwartier-Zuid,188.1,10,6792,44,3,218.756,202.1221,135,1081,55,1,453333.75,69,456799.66,1.8024189
Statenkwartier,Zorgvliet,3.9,4,333,44,4,6.853109,198.8683,21,280,55,0,456290.84,21,456799.66,1.8024189
Sweelinckplein eo,De Reef,NA,0,NA,66.8,0,0,190.1642,0,0,36,0,452532.9,101,455512.35,1.9687362
Sweelinckplein eo,Duindorp,67.6,2,5662,66.8,3,46.05552,188.0162,29,120,36,0,456516.45,18,455512.35,1.9687362
Sweelinckplein eo,Erasmus Veld,5.5,0,396,66.8,0,19.62793,188.6543,6,57,36,1,450542.77,94,455512.35,1.9687362
Sweelinckplein eo,Kerketuinen/Zichtenburg,4.7,1,374,66.8,1,17.11923,188.2257,30,152,36,0,451558.07,33,455512.35,1.9687362
Sweelinckplein eo,Morgenstond-West,109.4,8,6479,66.8,3,222.0103,190.3343,83,596,36,1,451765.29,79,455512.35,1.9687362
Sweelinckplein eo,Rustenburg,171.8,2,5772,66.8,4,81.35326,196.6391,46,270,36,6,453532.63,70,455512.35,1.9687362
Sweelinckplein eo,Schildersbuurt-West,229.6,10,14785,66.8,1,169.3404,189.8796,253,917,36,5,453837.54,64,455512.35,1.9687362
Sweelinckplein eo,Westvliet,1.1,1,135,66.8,0,11.23343,185.8562,3,64,36,0,453909.47,109,455512.35,1.9687362
Tedingerbroek,Archipelbuurt,67.7,1,5852,NA,0,74.60194,0,22,427,0,0,456508.23,11,452171.22,NA
Tedingerbroek,Binckhorst,2.3,2,298,NA,0,12.94904,0,25,296,0,0,453883.65,93,452171.22,NA
Tedingerbroek,Kijkduin,11.9,3,1465,NA,0,44.77864,0,9,117,0,0,454298.21,31,452171.22,NA
Tedingerbroek,Kortenbos,113.8,2,6852,NA,0,501.1546,0,141,1144,0,0,454904.27,60,452171.22,NA
Tedingerbroek,Tedingerbroek,NA,0,NA,NA,0,0,0,0,5,0,0,452171.22,103,452171.22,NA
Tedingerbroek,Uilebomen,95.2,1,2732,NA,0,369.3405,0,98,721,0,0,454953.9,62,452171.22,NA
Tedingerbroek,Vogelwijk,18.6,8,4912,NA,0,8.065941,0,14,330,0,0,455497.52,27,452171.22,NA
Transvaalkwartier-Midden,Arendsdorp,28.9,0,1478,80.5,0,5.42517,363.9429,4,142,156,0,456794.29,9,453753.38,1.4908173
Transvaalkwartier-Midden,Bezuidenhout-Midden,50.7,8,3099,80.5,0,121.4319,362.6179,26,421,156,1,455383.17,55,453753.38,1.4908173
Transvaalkwartier-Midden,De Velden,43.1,1,3105,80.5,0,5.315276,360.5859,14,32,156,0,453976.79,112,453753.38,1.4908173
Transvaalkwartier-Midden,Laakhaven-Oost,112.6,2,3199,80.5,4,68.11364,372.0144,64,318,156,4,453809.14,87,453753.38,1.4908173
Transvaalkwartier-Noord,Morgenstond-Oost,88,0,5167,106.4,4,126.6171,405.2273,36,308,63,5,452058.42,80,454095.83,1.6318182
Transvaalkwartier-Noord,Oostbroek-Noord,189,1,4253,106.4,9,368.3699,421.8604,67,383,63,7,453884.54,71,454095.83,1.6318182
Transvaalkwartier-Noord,Stadhoudersplantsoen,80.1,4,1723,106.4,0,162.8909,420.9508,16,196,63,0,455806.33,22,454095.83,1.6318182
Transvaalkwartier-Noord,Uilennest,61.1,0,1789,106.4,0,29.86283,415.1398,5,71,63,0,456914.83,6,454095.83,1.6318182
Transvaalkwartier-Noord,Waldeck-Noord,93.4,4,3082,106.4,0,124.9743,413.0847,18,139,63,0,453119.56,40,454095.83,1.6318182
Transvaalkwartier-Zuid,Bosjes van Pex,8.6,0,393,87.8,0,15.10033,215.6966,3,101,135,0,454333.35,28,453333.75,1.650974
Transvaalkwartier-Zuid,De Venen,0,0,NA,87.8,0,0,219.1694,0,2,135,0,452115.68,104,453333.75,1.650974
Transvaalkwartier-Zuid,Haagse Bos,3.6,1,422,87.8,0,0,208.8257,12,74,135,0,456196.18,49,453333.75,1.650974
Transvaalkwartier-Zuid,Oostbroek-Noord,189,1,4253,87.8,15,368.3699,227.1016,67,383,135,20,453884.54,71,453333.75,1.650974
Transvaalkwartier-Zuid,Oostbroek-Zuid,195.8,3,7383,87.8,48,230.926,218.1823,99,519,135,82,453384.99,72,453333.75,1.650974
Transvaalkwartier-Zuid,Rosenburg,50.1,5,2486,87.8,0,92.86524,214.5841,29,224,135,2,453312.66,38,453333.75,1.650974
Transvaalkwartier-Zuid,Singels,85,2,4674,87.8,4,0,213.66,14,81,135,0,450403.25,106,453333.75,1.650974
Uilebomen,Bezuidenhout-Oost,115.6,4,8728,56.6,6,144.6151,356.2515,47,435,98,2,455747.16,56,454953.9,1.9128788
Uilebomen,De Rivieren,0.2,0,31,56.6,0,6.440017,351.9472,1,103,98,0,453533.18,110,454953.9,1.9128788
Uilebomen,De Velden,43.1,1,3105,56.6,0,5.315276,356.4074,14,32,98,0,453976.79,112,454953.9,1.9128788
Uilebomen,Landen,81.3,2,4929,56.6,1,24.91781,358.4016,21,165,98,1,456854.6,50,454953.9,1.9128788
Uilebomen,Moerwijk-West,121.9,3,6073,56.6,0,167.0007,360.2228,57,326,98,0,451847.38,83,454953.9,1.9128788
Uilebomen,Nieuw Waldeck,123.4,2,7503,56.6,3,24.78081,357.7273,35,202,98,0,452974.26,37,454953.9,1.9128788
Uilebomen,Schildersbuurt-West,229.6,10,14785,56.6,8,169.3404,357.756,253,917,98,4,453837.54,64,454953.9,1.9128788
Uilebomen,v Hoytemastraat eo,84.2,4,2139,56.6,0,208.6932,371.6226,5,132,98,1,456547.83,10,454953.9,1.9128788
Uilebomen,Voorhout,33.6,2,1991,56.6,9,576.2835,358.0929,158,1789,98,4,455410.77,61,454953.9,1.9128788
Uilennest,Arendsdorp,28.9,0,1478,38.2,2,5.42517,29.86283,4,142,5,9,456794.29,9,456914.83,NA
Uilennest,Bezuidenhout-Oost,115.6,4,8728,38.2,1,144.6151,29.86283,47,435,5,3,455747.16,56,456914.83,NA
Uilennest,De Reef,NA,0,NA,38.2,0,0,29.86283,0,0,5,0,452532.9,101,456914.83,NA
Uilennest,Duttendel,8.7,1,1127,38.2,2,9.77113,29.86283,9,77,5,1,457876.04,4,456914.83,NA
Uilennest,Oostbroek-Zuid,195.8,3,7383,38.2,0,230.926,29.86283,99,519,5,0,453384.99,72,456914.83,NA
Uilennest,Parkbuurt Oosteinde,72.5,2,3256,38.2,0,0,29.86283,5,57,5,0,449297.82,96,456914.83,NA
Uilennest,Scheveningen Badplaats,101.8,1,5142,38.2,3,134.9139,29.86283,59,391,5,5,458491.39,15,456914.83,NA
Uilennest,Vogelwijk,18.6,8,4912,38.2,0,8.065941,29.86283,14,330,5,0,455497.52,27,456914.83,NA
Uilennest,Voorhout,33.6,2,1991,38.2,6,576.2835,29.86283,158,1789,5,3,455410.77,61,456914.83,NA
Uilennest,Zijden/Steden/Zichten,77.3,6,7146,38.2,0,48.80037,29.86283,49,221,5,0,450854.71,75,456914.83,NA
Uilennest,Zuiderpark,0,0,4,38.2,0,18.48224,29.86283,36,95,5,0,452548.29,81,456914.83,NA
v Hoytemastraat eo,Bomenbuurt,108.9,7,5630,40.6,2,269.3194,206.7119,32,461,5,0,455282.72,26,456547.83,NA
v Hoytemastraat eo,Bosweide,21.5,0,1577,40.6,0,0,206.186,4,30,5,0,451586.61,102,456547.83,NA
v Hoytemastraat eo,De Reef,NA,0,NA,40.6,0,0,206.439,0,0,5,0,452532.9,101,456547.83,NA
v Stolkpark/Schev Bosjes,Bohemen/Meer en Bos,59,4,4469,2.9,0,18.63007,4.278729,12,180,6,0,453795.66,29,457152.55,NA
v Stolkpark/Schev Bosjes,Bomenbuurt,108.9,7,5630,2.9,2,269.3194,5.561425,32,461,6,1,455282.72,26,457152.55,NA
v Stolkpark/Schev Bosjes,Burgen en Horsten,63.4,5,5607,2.9,2,55.62622,3.93419,40,302,6,2,456483.6,53,457152.55,NA
v Stolkpark/Schev Bosjes,De Reef,NA,0,NA,2.9,0,0,5.015721,0,0,6,0,452532.9,101,457152.55,NA
v Stolkpark/Schev Bosjes,De Velden,43.1,1,3105,2.9,0,5.315276,4.452358,14,32,6,0,453976.79,112,457152.55,NA
v Stolkpark/Schev Bosjes,De Vissen,55.1,1,6736,2.9,0,0.7735986,3.341917,23,49,6,0,453221.58,113,457152.55,NA
v Stolkpark/Schev Bosjes,Kom Loosduinen,115.4,3,5286,2.9,0,216.3223,6.078329,29,223,6,0,452310.59,35,457152.55,NA
v Stolkpark/Schev Bosjes,Moerwijk-Noord,146.9,7,6772,2.9,0,27.4061,6.011043,55,450,6,0,452443.94,84,457152.55,NA
v Stolkpark/Schev Bosjes,Stadhoudersplantsoen,80.1,4,1723,2.9,0,162.8909,10.36792,16,196,6,0,455806.33,22,457152.55,NA
v Stolkpark/Schev Bosjes,Sweelinckplein eo,123.5,3,5284,2.9,1,193.3531,6.291305,36,350,6,0,455512.35,23,457152.55,NA
Valkenboskwartier,Belgisch Park,80.6,4,7809,87.7,29,191.1005,252.5677,69,475,94,7,458771.21,2,454489.27,1.9852664
Valkenboskwartier,De Bras,2.8,1,246,87.7,0,19.99097,253.5597,4,5,94,1,449864.37,108,454489.27,1.9852664
Valkenboskwartier,Groente- en Fruitmarkt,105.3,2,4674,87.7,11,90.79683,269.0085,58,417,94,7,452912.11,86,454489.27,1.9852664
Valkenboskwartier,Landen,81.3,2,4929,87.7,7,24.91781,263.3042,21,165,94,3,456854.6,50,454489.27,1.9852664
Valkenboskwartier,Visserijbuurt,140,2,3794,87.7,4,320.5801,295.6824,11,145,94,10,457836.12,16,454489.27,1.9852664
Valkenboskwartier,Voorhout,33.6,2,1991,87.7,3,576.2835,262.4809,158,1789,94,3,455410.77,61,454489.27,1.9852664
Valkenboskwartier,Westbroekpark,22,0,898,87.7,0,10.84754,271.4373,4,72,94,2,457832.45,3,454489.27,1.9852664
Venen/Oorden/Raden,Bezuidenhout-Oost,115.6,4,8728,51.8,5,144.6151,50.41353,47,435,70,2,455747.16,56,451304.75,1.8925325
Venen/Oorden/Raden,Rosenburg,50.1,5,2486,51.8,3,92.86524,60.5232,29,224,70,2,453312.66,38,451304.75,1.8925325
Venen/Oorden/Raden,Vissershaven,40.2,0,2817,51.8,0,63.556,49.50726,50,220,70,0,457308.96,14,451304.75,1.8925325
Visserijbuurt,De Uithof,6.7,0,895,70,0,10.74843,305.5149,10,122,11,0,450129.23,77,457836.12,1.8808777
Visserijbuurt,Duindorp,67.6,2,5662,70,23,46.05552,308.0605,29,120,11,6,456516.45,18,457836.12,1.8808777
Visserijbuurt,Koningsplein eo,170.3,1,7083,70,10,404.8308,313.8563,58,512,11,1,455030.03,46,457836.12,1.8808777
Visserijbuurt,Moerwijk-West,121.9,3,6073,70,3,167.0007,311.9796,57,326,11,1,451847.38,83,457836.12,1.8808777
Visserijbuurt,Transvaalkwartier-Noord,231.7,1,4287,70,1,427.716,329.2266,63,221,11,0,454095.83,67,457836.12,1.8808777
Visserijbuurt,Waldeck-Noord,93.4,4,3082,70,0,124.9743,317.0339,18,139,11,0,453119.56,40,457836.12,1.8808777
Visserijbuurt,Waterbuurt,28.8,0,2878,70,0,0,306.8556,14,29,11,0,450061.4,107,457836.12,1.8808777
Visserijbuurt,Zijden/Steden/Zichten,77.3,6,7146,70,1,48.80037,307.2394,49,221,11,1,450854.71,75,457836.12,1.8808777
Vissershaven,De Rivieren,0.2,0,31,21.4,0,6.440017,58.93082,1,103,50,0,453533.18,110,457308.96,1.7972028
Vissershaven,Hoge Veld,2.8,1,292,21.4,0,0.9184254,61.2616,1,39,50,0,449955.01,95,457308.96,1.7972028
Vissershaven,Huygenspark,113.6,1,5157,21.4,1,184.7127,69.86738,137,557,50,1,454185.69,57,457308.96,1.7972028
Vissershaven,Kerketuinen/Zichtenburg,4.7,1,374,21.4,1,17.11923,63.39223,30,152,50,0,451558.07,33,457308.96,1.7972028
Vissershaven,Rosenburg,50.1,5,2486,21.4,0,92.86524,68.37547,29,224,50,0,453312.66,38,457308.96,1.7972028
Vissershaven,Singels,85,2,4674,21.4,0,0,67.08165,14,81,50,0,450403.25,106,457308.96,1.7972028
Vissershaven,Spoorwijk,117.2,2,3856,21.4,0,42.27845,75.97185,35,197,50,0,452158.09,89,457308.96,1.7972028
Vissershaven,Uilebomen,95.2,1,2732,21.4,1,369.3405,79.22304,98,721,50,1,454953.9,62,457308.96,1.7972028
Vissershaven,Visserijbuurt,140,2,3794,21.4,9,320.5801,80.62643,11,145,50,15,457836.12,16,457308.96,1.7972028
Vissershaven,Willemspark,42.3,3,1406,21.4,0,242.903,75.07455,5,167,50,0,455949.6,48,457308.96,1.7972028
Vissershaven,Zorgvliet,3.9,4,333,21.4,0,6.853109,62.82792,21,280,50,0,456290.84,21,457308.96,1.7972028
Vliegeniersbuurt,Arendsdorp,28.9,0,1478,NA,0,5.42517,7.003884,4,142,2,0,456794.29,9,450694.2,NA
Vliegeniersbuurt,De Rivieren,0.2,0,31,NA,0,6.440017,4.558016,1,103,2,0,453533.18,110,450694.2,NA
Vliegeniersbuurt,Morgenweide,44.4,4,3659,NA,0,2.276776,5.66388,20,80,2,0,451391.17,105,450694.2,NA
Vliegeniersbuurt,Rijslag,64.6,3,1601,NA,0,38.85381,11.15787,14,106,2,0,458279.24,17,450694.2,NA
Vliegeniersbuurt,Transvaalkwartier-Midden,169.7,5,4634,NA,0,376.8987,10.70552,156,796,2,0,453753.38,68,450694.2,NA
Vliegeniersbuurt,Vliegeniersbuurt,NA,3,NA,NA,0,5.080656,5.080656,2,6,2,0,450694.2,100,450694.2,NA
Vliegeniersbuurt,Waterbuurt,28.8,0,2878,NA,0,0,5.266926,14,29,2,0,450061.4,107,450694.2,NA
Vlietbuurt,Binckhorst,2.3,2,298,0.4,0,12.94904,6.848557,25,296,8,0,453883.65,93,452499.33,NA
Vlietbuurt,Componistenbuurt,121.4,0,1736,0.4,0,47.72196,49.79982,8,53,8,0,453537.39,39,452499.33,NA
Vlietbuurt,Dreven en Gaarden,93.2,10,8834,0.4,0,51.90697,9.202343,77,326,8,0,450403.42,76,452499.33,NA
Vlietbuurt,Groente- en Fruitmarkt,105.3,2,4674,0.4,0,90.79683,16.20181,58,417,8,0,452912.11,86,452499.33,NA
Vlietbuurt,Morgenweide,44.4,4,3659,0.4,0,2.276776,10.04657,20,80,8,0,451391.17,105,452499.33,NA
Vlietbuurt,Parkbuurt Oosteinde,72.5,2,3256,0.4,0,0,17.31502,5,57,8,0,449297.82,96,452499.33,NA
Vlietbuurt,Vruchtenbuurt,129.3,3,6853,0.4,0,170.0633,15.15965,27,277,8,0,453995.4,41,452499.33,NA
Vogelwijk,Dreven en Gaarden,93.2,10,8834,7.7,1,51.90697,13.76916,77,326,14,0,450403.42,76,455497.52,1.9338491
Vogelwijk,Laakhaven-West,64.9,2,3640,7.7,0,151.0876,19.23049,82,650,14,0,453175.26,88,455497.52,1.9338491
Vogelwijk,Leyenburg,114.5,5,14620,7.7,4,58.3659,11.25839,76,926,14,0,452901.75,73,455497.52,1.9338491
Vogelwijk,Oostduinen,0,0,11,7.7,0,0.3211128,7.499125,9,58,14,0,459220.64,1,455497.52,1.9338491
Voorhout,Binckhorst,2.3,2,298,23.6,0,12.94904,563.2887,25,296,158,0,453883.65,93,455410.77,1.9939394
Voorhout,Dreven en Gaarden,93.2,10,8834,23.6,0,51.90697,567.9963,77,326,158,1,450403.42,76,455410.77,1.9939394
Voorhout,Kampen,40.8,3,2315,23.6,8,44.38519,576.7618,22,98,158,3,456051.35,51,455410.77,1.9939394
Voorhout,Kraayenstein,14.9,1,4466,23.6,1,8.031817,557.9119,26,207,158,0,451071.59,32,455410.77,1.9939394
Voorhout,Lage Veld,100.1,0,4475,23.6,1,8.675642,584.1121,8,42,158,0,448862.11,97,455410.77,1.9939394
Voorhout,Oostbroek-Noord,189,1,4253,23.6,1,368.3699,615.882,67,383,158,0,453884.54,71,455410.77,1.9939394
Voorhout,Statenkwartier,89.6,11,9063,23.6,9,198.5597,567.5773,55,549,158,1,456799.66,19,455410.77,1.9939394
Voorhout,Visserijbuurt,140,2,3794,23.6,1,320.5801,605.3349,11,145,158,1,457836.12,16,455410.77,1.9939394
Vruchtenbuurt,Burgen en Horsten,63.4,5,5607,59.8,1,55.62622,165.2687,40,302,27,3,456483.6,53,453995.4,1.804891
Vruchtenbuurt,Rivierenbuurt-Noord,78.8,2,2773,59.8,1,262.1926,175.0684,35,360,27,0,454877.38,59,453995.4,1.804891
Vruchtenbuurt,Transvaalkwartier-Midden,169.7,5,4634,59.8,1,376.8987,180.8056,156,796,27,1,453753.38,68,453995.4,1.804891
Vruchtenbuurt,Transvaalkwartier-Zuid,188.1,10,6792,59.8,1,218.756,175.4647,135,1081,27,0,453333.75,69,453995.4,1.804891
Vruchtenbuurt,Venen/Oorden/Raden,110.4,2,8531,59.8,1,49.2802,166.2423,70,290,27,1,451304.75,74,453995.4,1.804891
Vruchtenbuurt,Zorgvliet,3.9,4,333,59.8,0,6.853109,165.7034,21,280,27,0,456290.84,21,453995.4,1.804891
Waalsdorp,Groente- en Fruitmarkt,105.3,2,4674,25,0,90.79683,23.21748,58,417,10,1,452912.11,86,457271.43,1.8226163
Waalsdorp,Laakkwartier-Oost,187.6,4,10223,25,1,153.5517,23.21748,94,526,10,0,452967.68,91,457271.43,1.8226163
Waalsdorp,Landen,81.3,2,4929,25,0,24.91781,23.21748,21,165,10,1,456854.6,50,457271.43,1.8226163
Waalsdorp,Schildersbuurt-Oost,221.2,5,7720,25,0,88.95087,23.21748,131,398,10,0,453579.33,66,457271.43,1.8226163
Waalsdorp,Uilennest,61.1,0,1789,25,15,29.86283,23.21748,5,71,10,4,456914.83,6,457271.43,1.8226163
Waalsdorp,Voorhout,33.6,2,1991,25,4,576.2835,23.21748,158,1789,10,6,455410.77,61,457271.43,1.8226163
Waalsdorp,Zeeheldenkwartier,132.8,3,10758,25,1,380.158,23.21748,113,859,10,4,455467.62,47,457271.43,1.8226163
Waalsdorp,Zorgvliet,3.9,4,333,25,0,6.853109,23.21748,21,280,10,1,456290.84,21,457271.43,1.8226163
Waldeck-Noord,Bloemenbuurt-West,82.1,2,2224,59.8,2,24.80932,126.6802,9,105,18,2,454475.93,24,453119.56,NA
Waldeck-Noord,Haagse Bos,3.6,1,422,59.8,0,0,118.3966,12,74,18,0,456196.18,49,453119.56,NA
Waldeck-Zuid,Bohemen/Meer en Bos,59,4,4469,56.7,0,18.63007,1.242005,12,180,11,4,453795.66,29,452667.99,1.7396632
Waldeck-Zuid,Geuzenkwartier,147.7,1,4595,56.7,1,70.73011,2.947088,15,122,11,0,456729.06,20,452667.99,1.7396632
Waldeck-Zuid,Moerwijk-Zuid,101.1,3,4174,56.7,3,93.28185,2.332046,31,240,11,0,451423.04,85,452667.99,1.7396632
Waldeck-Zuid,Morgenstond-West,109.4,8,6479,56.7,0,222.0103,1.64452,83,596,11,3,451765.29,79,452667.99,1.7396632
Waldeck-Zuid,Nassaubuurt,55,1,1540,56.7,0,101.0414,3.484187,9,147,11,0,456211.1,5,452667.99,1.7396632
Waldeck-Zuid,Oostduinen,0,0,11,56.7,0,0.3211128,0.3211128,9,58,11,0,459220.64,1,452667.99,1.7396632
Waldeck-Zuid,Rijslag,64.6,3,1601,56.7,0,38.85381,3.885381,14,106,11,0,458279.24,17,452667.99,1.7396632
Waldeck-Zuid,Vissershaven,40.2,0,2817,56.7,0,63.556,1.246196,50,220,11,5,457308.96,14,452667.99,1.7396632
Waterbuurt,Archipelbuurt,67.7,1,5852,11.4,0,74.60194,0,22,427,14,5,456508.23,11,450061.4,1.8323864
Waterbuurt,De Uithof,6.7,0,895,11.4,0,10.74843,0,10,122,14,0,450129.23,77,450061.4,1.8323864
Waterbuurt,De Velden,43.1,1,3105,11.4,3,5.315276,0,14,32,14,0,453976.79,112,450061.4,1.8323864
Waterbuurt,Laakkwartier-West,166.9,6,7529,11.4,15,186.476,0,69,478,14,3,452482.26,90,450061.4,1.8323864
Waterbuurt,Moerwijk-Zuid,101.1,3,4174,11.4,1,93.28185,0,31,240,14,4,451423.04,85,450061.4,1.8323864
Waterbuurt,Nieuw Waldeck,123.4,2,7503,11.4,9,24.78081,0,35,202,14,0,452974.26,37,450061.4,1.8323864
Waterbuurt,Westvliet,1.1,1,135,11.4,0,11.23343,0,3,64,14,0,453909.47,109,450061.4,1.8323864
Westbroekpark,Bezuidenhout-Oost,115.6,4,8728,10,1,144.6151,8.247531,47,435,4,0,455747.16,56,457832.45,1.8513834
Westbroekpark,Oostbroek-Noord,189,1,4253,10,0,368.3699,17.65359,67,383,4,0,453884.54,71,457832.45,1.8513834
Westvliet,Bezuidenhout-Oost,115.6,4,8728,0.6,1,144.6151,18.98863,47,435,3,0,455747.16,56,453909.47,NA
Westvliet,Bezuidenhout-West,48.7,2,2620,0.6,0,33.46683,26.77865,120,767,3,0,455123.84,54,453909.47,NA
Westvliet,De Venen,0,0,NA,0.6,0,0,40.67327,0,2,3,0,452115.68,104,453909.47,NA
Westvliet,Parkbuurt Oosteinde,72.5,2,3256,0.6,1,0,31.22323,5,57,3,0,449297.82,96,453909.47,NA
Westvliet,Schildersbuurt-Oost,221.2,5,7720,0.6,0,88.95087,40.92025,131,398,3,0,453579.33,66,453909.47,NA
Westvliet,Uilebomen,95.2,1,2732,0.6,0,369.3405,49.52972,98,721,3,0,454953.9,62,453909.47,NA
Westvliet,Vogelwijk,18.6,8,4912,0.6,0,8.065941,6.126189,14,330,3,0,455497.52,27,453909.47,NA
Westvliet,Westvliet,1.1,1,135,0.6,1,11.23343,11.23343,3,64,3,0,453909.47,109,453909.47,NA
Willemspark,Erasmus Veld,5.5,0,396,28,0,19.62793,234.9872,6,57,5,0,450542.77,94,455949.6,1.9090909
Willemspark,Kampen,40.8,3,2315,28,1,44.38519,236.664,22,98,5,0,456051.35,51,455949.6,1.9090909
Willemspark,Rond de Energiecentrale,97.2,2,4850,28,0,151.439,238.1521,58,381,5,0,454604.06,45,455949.6,1.9090909
Willemspark,Stadhoudersplantsoen,80.1,4,1723,28,0,162.8909,249.8775,16,196,5,2,455806.33,22,455949.6,1.9090909
Willemspark,Vliegeniersbuurt,NA,3,NA,28,0,5.080656,232.6784,2,6,5,0,450694.2,100,455949.6,1.9090909
Willemspark,Westbroekpark,22,0,898,28,0,10.84754,239.2921,4,72,5,1,457832.45,3,455949.6,1.9090909
Willemspark,Westvliet,1.1,1,135,28,0,11.23343,232.189,3,64,5,0,453909.47,109,455949.6,1.9090909
Zeeheldenkwartier,De Velden,43.1,1,3105,75.9,3,5.315276,382.0301,14,32,113,0,453976.79,112,455467.62,1.9690418
Zeeheldenkwartier,Haagse Bos,3.6,1,422,75.9,0,0,371.6598,12,74,113,1,456196.18,49,455467.62,1.9690418
Zeeheldenkwartier,Kampen,40.8,3,2315,75.9,3,44.38519,388.0166,22,98,113,2,456051.35,51,455467.62,1.9690418
Zeeheldenkwartier,Kraayenstein,14.9,1,4466,75.9,6,8.031817,362.4346,26,207,113,5,451071.59,32,455467.62,1.9690418
Zeeheldenkwartier,Laakhaven-West,64.9,2,3640,75.9,3,151.0876,387.6499,82,650,113,3,453175.26,88,455467.62,1.9690418
Zeeheldenkwartier,Moerwijk-Noord,146.9,7,6772,75.9,6,27.4061,396.8376,55,450,113,9,452443.94,84,455467.62,1.9690418
Zeeheldenkwartier,Rustenburg,171.8,2,5772,75.9,18,81.35326,411.9865,46,270,113,4,453532.63,70,455467.62,1.9690418
Zeeheldenkwartier,v Hoytemastraat eo,84.2,4,2139,75.9,8,208.6932,430.2117,5,132,113,6,456547.83,10,455467.62,1.9690418
Zeeheldenkwartier,Willemspark,42.3,3,1406,75.9,12,242.903,411.7249,5,167,113,9,455949.6,48,455467.62,1.9690418
Zeeheldenkwartier,Zijden/Steden/Zichten,77.3,6,7146,75.9,4,48.80037,376.0994,49,221,113,3,450854.71,75,455467.62,1.9690418
Zijden/Steden/Zichten,Arendsdorp,28.9,0,1478,39.1,0,5.42517,56.71753,4,142,49,0,456794.29,9,450854.71,1.7124579
Zijden/Steden/Zichten,De Lanen,2.1,0,132,39.1,0,0,52.94717,1,0,49,2,453087.95,111,450854.71,1.7124579
Zijden/Steden/Zichten,Kijkduin,11.9,3,1465,39.1,0,44.77864,47.08243,9,117,49,0,454298.21,31,450854.71,1.7124579
Zijden/Steden/Zichten,Moerwijk-Oost,72.8,3,2614,39.1,2,46.87244,64.67387,26,165,49,3,451911.95,82,450854.71,1.7124579
Zijden/Steden/Zichten,Morgenstond-Oost,88,0,5167,39.1,7,126.6171,55.29377,36,308,49,16,452058.42,80,450854.71,1.7124579
Zijden/Steden/Zichten,Morgenstond-West,109.4,8,6479,39.1,26,222.0103,55.07883,83,596,49,18,451765.29,79,450854.71,1.7124579
Zijden/Steden/Zichten,Oostbroek-Zuid,195.8,3,7383,39.1,23,230.926,65.17685,99,519,49,31,453384.99,72,450854.71,1.7124579
Zijden/Steden/Zichten,Rietbuurt,0.7,0,65,39.1,0,0,48.50978,0,1,49,0,452421.81,114,450854.71,1.7124579
Zijden/Steden/Zichten,Schildersbuurt-West,229.6,10,14785,39.1,27,169.3404,54.16945,253,917,49,36,453837.54,64,450854.71,1.7124579
Zijden/Steden/Zichten,Stadhoudersplantsoen,80.1,4,1723,39.1,0,162.8909,81.49965,16,196,49,0,455806.33,22,450854.71,1.7124579
Zijden/Steden/Zichten,Statenkwartier,89.6,11,9063,39.1,0,198.5597,48.51222,55,549,49,0,456799.66,19,450854.71,1.7124579
Zonne Veld,Bezuidenhout-Midden,50.7,8,3099,19.7,0,121.4319,1.619092,26,421,20,1,455383.17,55,448382.87,2.0036364
Zonne Veld,Bezuidenhout-West,48.7,2,2620,19.7,0,33.46683,1.859268,120,767,20,1,455123.84,54,448382.87,2.0036364
Zonne Veld,Geuzenkwartier,147.7,1,4595,19.7,0,70.73011,2.947088,15,122,20,0,456729.06,20,448382.87,2.0036364
Zonne Veld,Hoge Veld,2.8,1,292,19.7,0,0.9184254,0.9184254,1,39,20,8,449955.01,95,448382.87,2.0036364
Zonne Veld,Kraayenstein,14.9,1,4466,19.7,5,8.031817,0.2974747,26,207,20,0,451071.59,32,448382.87,2.0036364
Zonne Veld,Landen,81.3,2,4929,19.7,3,24.91781,1.661188,21,165,20,0,456854.6,50,448382.87,2.0036364
Zonne Veld,Rivierenbuurt-Noord,78.8,2,2773,19.7,0,262.1926,2.703017,35,360,20,0,454877.38,59,448382.87,2.0036364
Zonne Veld,Spoorwijk,117.2,2,3856,19.7,5,42.27845,3.019889,35,197,20,0,452158.09,89,448382.87,2.0036364
Zorgvliet,Bezuidenhout-Oost,115.6,4,8728,2.2,0,144.6151,7.013762,47,435,21,0,455747.16,56,456290.84,1.7418182
Zorgvliet,Bomenbuurt,108.9,7,5630,2.2,0,269.3194,7.594277,32,461,21,0,455282.72,26,456290.84,1.7418182
Zorgvliet,De Rivieren,0.2,0,31,2.2,0,6.440017,6.296381,1,103,21,0,453533.18,110,456290.84,1.7418182
Zorgvliet,Kerketuinen/Zichtenburg,4.7,1,374,2.2,0,17.11923,6.933726,30,152,21,0,451558.07,33,456290.84,1.7418182
Zorgvliet,Laakkwartier-West,166.9,6,7529,2.2,0,186.476,7.854327,69,478,21,0,452482.26,90,456290.84,1.7418182
Zorgvliet,Morgenweide,44.4,4,3659,2.2,0,2.276776,6.849313,20,80,21,0,451391.17,105,456290.84,1.7418182
Zorgvliet,Vogelwijk,18.6,8,4912,2.2,3,8.065941,6.095017,14,330,21,0,455497.52,27,456290.84,1.7418182
Zorgvliet,Zorgvliet,3.9,4,333,2.2,0,6.853109,6.853109,21,280,21,1,456290.84,21,456290.84,1.7418182
Zuiderpark,De Venen,0,0,NA,0,0,0,53.17956,0,2,36,0,452115.68,104,452548.29,NA
Zuiderpark,Duinzigt,35.3,2,2420,0,0,25.87582,27.72405,3,122,36,0,457869.94,7,452548.29,NA
Zuiderpark,Willemspark,42.3,3,1406,0,0,242.903,53.89888,5,167,36,0,455949.6,48,452548.29,NA
Zuiderpark,Zonne Veld,58.2,1,2851,0,0,2.011219,38.05016,20,47,36,0,448382.87,98,452548.29,NA
Zuidwal,Bohemen/Meer en Bos,59,4,4469,78.6,4,18.63007,937.8953,12,180,290,2,453795.66,29,454554.21,1.9130435
Zuidwal,Bosjes van Pex,8.6,0,393,78.6,0,15.10033,950.7079,3,101,290,0,454333.35,28,454554.21,1.9130435
Zuidwal,Bosweide,21.5,0,1577,78.6,0,0,939.5115,4,30,290,1,451586.61,102,454554.21,1.9130435
Zuidwal,Componistenbuurt,121.4,0,1736,78.6,0,47.72196,1015.951,8,53,290,1,453537.39,39,454554.21,1.9130435
Zuidwal,Groente- en Fruitmarkt,105.3,2,4674,78.6,4,90.79683,948.7551,58,417,290,4,452912.11,86,454554.21,1.9130435
Zuidwal,Morgenstond-Zuid,112.9,3,5306,78.6,8,117.3994,949.3422,42,316,290,4,451240.78,78,454554.21,1.9130435
Zuidwal,Rietbuurt,0.7,0,65,78.6,0,0,934.3338,0,1,290,0,452421.81,114,454554.21,1.9130435
Zuidwal,Rivierenbuurt-Zuid,72.3,0,716,78.6,1,68.78323,1058.074,11,103,290,6,454478.49,58,454554.21,1.9130435
Zuidwal,Spoorwijk,117.2,2,3856,78.6,8,42.27845,962.7856,35,197,290,5,452158.09,89,454554.21,1.9130435
Zuidwal,Visserijbuurt,140,2,3794,78.6,3,320.5801,972.0948,11,145,290,5,457836.12,16,454554.21,1.9130435
Zuidwal,Vliegeniersbuurt,NA,3,NA,78.6,0,5.080656,932.3621,2,6,290,0,450694.2,100,454554.21,1.9130435
Zuidwal,Waldeck-Zuid,103,0,2059,78.6,4,4.803282,987.7532,11,33,290,1,452667.99,36,454554.21,1.9130435
Zuidwal,Willemspark,42.3,3,1406,78.6,7,242.903,960.991,5,167,290,1,455949.6,48,454554.21,1.9130435
