obu_naam,dbu_naam,owk_name,year,ooffenders0,doffenders0,oX,oY,dX,dY,dbuurtnr,dgwbcode,Distance,migra0,pairid,iqd,Crim_o,Crim_d
Archipelbuurt,De Bras,Archipelbuurt,2008,56,69,80679.999,456508.23,86142.018,449864.37,115,5184215,8600.846,9,4896,0.5423057,187,41
Archipelbuurt,Houtwijk,Archipelbuurt,2006,60,242,80679.999,456508.23,76992.266,452335.92,86,5181786,5568.439,3,4867,0.5261629,244,368
Archipelbuurt,Landen,Archipelbuurt,2006,60,109,80679.999,456508.23,85024.412,456854.6,61,5182561,4358.199,4,4842,0.5990559,244,112
Archipelbuurt,Moerwijk-Zuid,Archipelbuurt,2007,53,158,80679.999,456508.23,80106.222,451423.04,39,5183639,5117.461,1,4824,0.737851,198,206
Archipelbuurt,Oud Scheveningen,Archipelbuurt,2008,56,55,80679.999,456508.23,78627.353,457923.01,1,5180701,2492.98,1,4789,0.4757003,187,115
Archipelbuurt,Westbroekpark,Archipelbuurt,2009,48,7,80679.999,456508.23,80090.5,457832.45,73,5180373,1449.511,2,4854,0.534788,235,61
Archipelbuurt,Zorgvliet,Archipelbuurt,2004,44,5,80679.999,456508.23,79544.752,456290.84,41,5181041,1155.874,2,4826,0.5426505,413,167
Arendsdorp,Burgen en Horsten,Benoordenhout,2003,4,67,81740.394,456794.29,84507.038,456483.6,69,5182569,2784.034,9,8042,0.5617828,146,342
Arendsdorp,De Bras,Benoordenhout,2007,6,56,81740.394,456794.29,86142.018,449864.37,115,5184215,8209.634,2,8088,0.5511216,48,48
Arendsdorp,Erasmus Veld,Benoordenhout,2008,7,30,81740.394,456794.29,79186.621,450542.77,101,5184001,6753.017,1,8074,0.5765415,60,63
Arendsdorp,v Hoytemastraat eo,Benoordenhout,2008,7,18,81740.394,456794.29,82189.176,456547.83,79,5180479,512.001,7,8052,0.5622977,60,58
Arendsdorp,v Stolkpark/Schev Bosjes,Benoordenhout,2006,6,8,81740.394,456794.29,79920.442,457152.55,5,5180605,1854.88,2,7985,0.552413,59,50
Belgisch Park,Bezuidenhout-Midden,Belgisch Park,2007,131,31,79980.953,458771.21,83018.757,455383.17,65,5182665,4550.497,3,7240,0.5454736,425,266
Belgisch Park,Kortenbos,Belgisch Park,2008,106,148,79980.953,458771.21,80655.598,454904.27,11,5182811,3925.344,10,7193,0.609002,385,451
Belgisch Park,Moerwijk-West,Belgisch Park,2005,107,204,79980.953,458771.21,79856.692,451847.38,37,5183637,6924.94,3,7216,0.6558626,411,333
Belgisch Park,Oostbroek-Noord,Belgisch Park,2005,107,127,79980.953,458771.21,79177.217,453884.54,31,5183131,4952.321,3,7210,0.6711727,411,258
Belgisch Park,Uilennest,Belgisch Park,2009,109,15,79980.953,458771.21,82832.896,456914.83,75,5180475,3402.899,5,7250,0.5525336,376,39
Belgisch Park,Waldeck-Noord,Belgisch Park,2005,107,24,79980.953,458771.21,75725.315,453119.56,94,5181894,7074.716,2,7269,0.4477925,411,80
Belgisch Park,Waldeck-Zuid,Belgisch Park,2005,107,32,79980.953,458771.21,75810.388,452667.99,6,5181806,7392.082,1,7188,0.487017,411,36
Bezuidenhout-Midden,Sweelinckplein eo,Bezuidenhout,2008,28,121,83018.757,455383.17,79342.008,455512.35,43,5181143,3679.017,4,6538,0.564009,268,193
Bezuidenhout-Midden,Transvaalkwartier-Zuid,Bezuidenhout,2004,41,223,83018.757,455383.17,80119.058,453333.75,34,5183034,3550.828,1,6529,0.8872563,406,905
Bezuidenhout-Midden,Uilebomen,Bezuidenhout,2009,22,33,83018.757,455383.17,81806.28,454953.9,13,5182813,1286.226,5,6511,0.6860955,281,171
Bezuidenhout-Midden,Valkenboskwartier,Bezuidenhout,2004,41,287,83018.757,455383.17,78828.448,454489.27,55,5182055,4284.595,3,6550,0.67652,406,524
Bezuidenhout-Midden,Willemspark,Bezuidenhout,2008,28,15,83018.757,455383.17,81028.215,455949.6,47,5182347,2069.565,5,6542,0.6033336,268,48
Bezuidenhout-Oost,Archipelbuurt,Bezuidenhout,2008,140,56,83467.143,455747.16,80679.999,456508.23,46,5180546,2889.186,5,6655,0.550719,225,187
Bezuidenhout-Oost,Arendsdorp,Bezuidenhout,2007,126,6,83467.143,455747.16,81740.394,456794.29,78,5180478,2019.438,4,6683,0.5533511,154,48
Bezuidenhout-Oost,Bezuidenhout-West,Bezuidenhout,2007,126,71,83467.143,455747.16,82592.304,455123.84,64,5182664,1074.187,7,6669,0.6832989,154,352
Bezuidenhout-Oost,Duindorp,Bezuidenhout,2008,140,145,83467.143,455747.16,77424.544,456516.45,100,5180800,6091.372,1,6705,0.3963864,225,114
Bezuidenhout-Oost,Laakkwartier-Oost,Bezuidenhout,2003,118,289,83467.143,455747.16,82226.618,452967.68,25,5183825,3043.749,18,6637,0.6019904,482,620
Bezuidenhout-Oost,Leyenburg,Bezuidenhout,2004,154,162,83467.143,455747.16,78248.963,452901.75,84,5183284,5943.55,3,6689,0.4762412,462,1015
Bezuidenhout-Oost,Parkbuurt Oosteinde,Bezuidenhout,2006,125,46,83467.143,455747.16,79853.017,449297.82,103,5184003,7392.963,7,6708,0.4890644,222,43
Bezuidenhout-Oost,Scheveningen Badplaats,Bezuidenhout,2007,126,106,83467.143,455747.16,79034.031,458491.39,3,5180703,5213.758,4,6615,0.5031475,154,422
Bezuidenhout-West,De Velden,Bezuidenhout,2006,80,45,82592.304,455123.84,87580.597,453976.79,119,5184419,5118.476,5,6496,0.6651672,411,74
Bezuidenhout-West,De Velden,Bezuidenhout,2008,64,61,82592.304,455123.84,87580.597,453976.79,119,5184419,5118.476,1,6496,0.6843946,369,105
Bezuidenhout-West,Laakhaven-Oost,Bezuidenhout,2008,64,115,82592.304,455123.84,82238.754,453809.14,19,5183819,1361.407,3,6403,0.802051,369,219
Bezuidenhout-West,Sweelinckplein eo,Bezuidenhout,2007,71,107,82592.304,455123.84,79342.008,455512.35,43,5181143,3273.432,1,6424,0.6907417,352,226
Bezuidenhout-West,Uilennest,Bezuidenhout,2007,71,19,82592.304,455123.84,82832.896,456914.83,75,5180475,1807.078,1,6452,0.7107167,352,40
Bezuidenhout-West,Zonne Veld,Bezuidenhout,2009,77,55,82592.304,455123.84,80322.369,448382.87,105,5184005,7112.891,1,6482,0.7105041,393,58
Binckhorst,Rustenburg,Binckhorst,2003,15,111,83237.45,453883.65,78802.881,453532.63,30,5183130,4448.44,2,5955,0.6064875,321,316
Bloemenbuurt-Oost,Kraayenstein,Bomen- en Bloemenbuurt,2005,69,110,77820.025,454928.9,75133.278,451071.59,97,5181697,4700.792,5,5448,0.3900839,161,165
Bloemenbuurt-Oost,Laakkwartier-West,Bomen- en Bloemenbuurt,2006,80,255,77820.025,454928.9,81676.184,452482.26,24,5183824,4566.841,1,5382,0.6452737,170,259
Bloemenbuurt-Oost,Oostbroek-Noord,Bomen- en Bloemenbuurt,2007,52,124,77820.025,454928.9,79177.217,453884.54,31,5183131,1712.5,2,5386,0.6705077,143,285
Bloemenbuurt-Oost,Statenkwartier,Bomen- en Bloemenbuurt,2005,69,114,77820.025,454928.9,78902.478,456799.66,7,5180907,2161.35,8,5365,0.4901029,161,361
Bloemenbuurt-Oost,Uilebomen,Bomen- en Bloemenbuurt,2003,45,37,77820.025,454928.9,81806.28,454953.9,13,5182813,3986.333,3,5371,0.6154805,270,819
Bloemenbuurt-Oost,Venen/Oorden/Raden,Bomen- en Bloemenbuurt,2006,80,244,77820.025,454928.9,77467.131,451304.75,87,5183387,3641.296,3,5438,0.7137672,170,238
Bloemenbuurt-Oost,Vissershaven,Bomen- en Bloemenbuurt,2004,76,70,77820.025,454928.9,78099.835,457308.96,2,5180702,2396.453,9,5360,0.362967,223,222
Bloemenbuurt-West,Bloemenbuurt-Oost,Bomen- en Bloemenbuurt,2003,14,45,77287.477,454475.93,77820.025,454928.9,51,5181251,699.1335,5,5292,0.39601,114,270
Bohemen/Meer en Bos,Morgenstond-West,Bohemen en Meer en Bos,2009,44,124,75920.197,453795.66,78419.446,451765.29,88,5183488,3220.04,2,9657,0.602199,166,411
Bohemen/Meer en Bos,Zeeheldenkwartier,Bohemen en Meer en Bos,2006,33,208,75920.197,453795.66,80223.357,455467.62,45,5182245,4616.56,9,9618,0.548465,101,456
Bomenbuurt,Bohemen/Meer en Bos,Bomen- en Bloemenbuurt,2004,56,21,78487.746,455282.72,75920.197,453795.66,92,5181492,2967.094,4,5557,0.4307988,352,155
Bomenbuurt,Bomenbuurt,Bomen- en Bloemenbuurt,2007,68,68,78487.746,455282.72,78487.746,455282.72,52,5181252,0,36,5521,0.4763987,224,224
Bomenbuurt,Duinzigt,Bomen- en Bloemenbuurt,2009,57,18,78487.746,455282.72,82247.32,457869.94,76,5180476,4563.785,1,5541,0.5292538,272,73
Bomenbuurt,Moerwijk-West,Bomen- en Bloemenbuurt,2007,68,189,78487.746,455282.72,79856.692,451847.38,37,5183637,3698.043,1,5506,0.6782328,224,311
Bomenbuurt,Rustenburg,Bomen- en Bloemenbuurt,2004,56,121,78487.746,455282.72,78802.881,453532.63,30,5183130,1778.23,10,5499,0.5518476,352,269
Bosjes van Pex,Zuidwal,Bohemen en Meer en Bos,2007,3,151,76817.142,454333.35,81171.588,454554.21,14,5182814,4360.043,1,8336,0.6232181,79,1992
Bosweide,Bezuidenhout-Oost,Ypenburg,2007,18,126,84899.888,451586.61,83467.143,455747.16,66,5182666,4400.339,1,11459,0.478979,16,154
Burgen en Horsten,Kortenbos,Mariahoeve en Marlot,2006,82,154,84507.038,456483.6,80655.598,454904.27,11,5182811,4162.675,1,6965,0.606984,193,631
Burgen en Horsten,Laakkwartier-West,Mariahoeve en Marlot,2008,87,223,84507.038,456483.6,81676.184,452482.26,24,5183824,4901.479,2,6978,0.700185,205,261
Burgen en Horsten,Oostbroek-Noord,Mariahoeve en Marlot,2006,82,122,84507.038,456483.6,79177.217,453884.54,31,5183131,5929.764,1,6982,0.6923894,193,213
Burgen en Horsten,Zijden/Steden/Zichten,Mariahoeve en Marlot,2008,87,194,84507.038,456483.6,77800.295,450854.71,96,5183396,8755.847,2,7043,0.719043,205,276
Componistenbuurt,Bomenbuurt,Waldeck,2003,6,47,76346.377,453537.39,78487.746,455282.72,52,5181252,2762.543,3,9739,0.435982,61,493
Componistenbuurt,Bomenbuurt,Waldeck,2009,13,57,76346.377,453537.39,78487.746,455282.72,52,5181252,2762.543,2,9739,0.4570374,50,272
Componistenbuurt,Vruchtenbuurt,Waldeck,2009,13,64,76346.377,453537.39,77415.149,453995.4,53,5181953,1162.776,8,9740,0.41297,50,254
De Bras,Oostbroek-Zuid,Ypenburg,2003,31,140,86142.018,449864.37,79450.734,453384.99,35,5183135,7560.956,3,12230,0.5914765,9,618
De Lanen,Bloemenbuurt-Oost,Leidschenveen,2009,48,53,86991.62,453087.95,77820.025,454928.9,51,5181251,9354.531,1,12588,0.5148411,87,238
De Lanen,De Bras,Leidschenveen,2007,59,56,86991.62,453087.95,86142.018,449864.37,115,5184215,3333.665,6,12648,0.5143145,52,48
De Lanen,Heesterbuurt,Leidschenveen,2005,24,166,86991.62,453087.95,78293.527,454267.97,54,5182054,8777.771,2,12591,0.5830771,12,232
De Lanen,Valkenboskwartier,Leidschenveen,2005,24,296,86991.62,453087.95,78828.448,454489.27,55,5182055,8282.576,1,12592,0.675028,12,357
De Velden,Laakhaven-West,Leidschenveen,2007,64,121,87580.597,453976.79,81545.294,453175.26,22,5183822,6088.295,1,12676,0.7771612,68,444
De Vissen,Arendsdorp,Leidschenveen,2006,133,6,88163.568,453221.58,81740.394,456794.29,78,5180478,7349.926,1,12839,0.5752732,97,59
De Vissen,De Uithof,Leidschenveen,2005,115,7,88163.568,453221.58,76737.358,450129.23,99,5183399,11837.27,1,12860,0.380291,59,97
De Vissen,Hoge Veld,Leidschenveen,2005,115,22,88163.568,453221.58,79585.362,449955.01,102,5184002,9179.111,1,12863,0.4782422,59,29
De Vissen,Moerwijk-West,Leidschenveen,2006,133,214,88163.568,453221.58,79856.692,451847.38,37,5183637,8419.774,1,12802,0.6718355,97,364
De Vissen,Morgenweide,Leidschenveen,2006,133,102,88163.568,453221.58,85599.035,451391.17,112,5184212,3150.747,2,12873,0.5305474,97,96
Dreven en Gaarden,Burgen en Horsten,Bouwlust en Vrederust,2009,245,85,78164.958,450403.42,84507.038,456483.6,69,5182569,8785.816,3,10322,0.7187986,306,214
Dreven en Gaarden,Kerketuinen/Zichtenburg,Bouwlust en Vrederust,2005,266,20,78164.958,450403.42,77037.443,451558.07,85,5181785,1613.848,1,10338,0.769109,323,79
Dreven en Gaarden,Laakhaven-Oost,Bouwlust en Vrederust,2006,264,111,78164.958,450403.42,82238.754,453809.14,19,5183819,5309.872,3,10279,0.8008359,288,230
Dreven en Gaarden,Morgenstond-Oost,Bouwlust en Vrederust,2005,266,127,78164.958,450403.42,78870.825,452058.42,89,5183489,1799.238,38,10342,0.6847787,323,323
Dreven en Gaarden,Singels,Bouwlust en Vrederust,2004,231,94,78164.958,450403.42,84597.526,450403.25,113,5184213,6432.567,6,10366,0.639697,394,111
Dreven en Gaarden,Valkenboskwartier,Bouwlust en Vrederust,2009,245,200,78164.958,450403.42,78828.448,454489.27,55,5182055,4139.369,6,10312,0.7573813,306,366
Dreven en Gaarden,Waldeck-Zuid,Bouwlust en Vrederust,2008,238,24,78164.958,450403.42,75810.388,452667.99,6,5181806,3266.845,2,10266,0.663706,307,62
Duindorp,Bezuidenhout-Oost,Duindorp,2008,145,140,77424.544,456516.45,83467.143,455747.16,66,5182666,6091.372,3,10547,0.3963864,114,225
Duindorp,De Bras,Duindorp,2005,158,40,77424.544,456516.45,86142.018,449864.37,115,5184215,10965.61,3,10596,0.344205,93,27
Duindorp,Duindorp,Duindorp,2005,158,158,77424.544,456516.45,77424.544,456516.45,100,5180800,0,426,10581,0.226894,93,93
Duindorp,Kraayenstein,Duindorp,2006,159,102,77424.544,456516.45,75133.278,451071.59,97,5181697,5907.313,4,10578,0.2982562,126,139
Duindorp,Morgenweide,Duindorp,2008,145,119,77424.544,456516.45,85599.035,451391.17,112,5184212,9648.354,5,10593,0.4288044,114,152
Duindorp,Oud Scheveningen,Duindorp,2008,145,55,77424.544,456516.45,78627.353,457923.01,1,5180701,1850.717,15,10489,0.2644044,114,115
Duinzigt,Scheveningen Badplaats,Benoordenhout,2003,6,76,82247.32,457869.94,79034.031,458491.39,3,5180703,3272.832,3,7755,0.5145766,125,450
Duinzigt,Westbroekpark,Benoordenhout,2005,12,6,82247.32,457869.94,80090.5,457832.45,73,5180373,2157.146,1,7818,0.5284204,67,60
Duinzigt,Zeeheldenkwartier,Benoordenhout,2004,8,180,82247.32,457869.94,80223.357,455467.62,45,5182245,3141.272,6,7794,0.597974,69,811
Duttendel,Archipelbuurt,Westbroekpark en Duttendel,2007,7,53,80957.974,457876.04,80679.999,456508.23,46,5180546,1395.773,3,7567,0.5466318,51,198
Duttendel,Duttendel,Westbroekpark en Duttendel,2004,8,8,80957.974,457876.04,80957.974,457876.04,74,5180374,0,13,7591,0.5363368,64,64
Erasmus Veld,Hoge Veld,Wateringse Veld,2005,36,22,79186.621,450542.77,79585.362,449955.01,102,5184002,710.2499,4,10697,0.4558582,76,29
Erasmus Veld,Nieuw Waldeck,Wateringse Veld,2006,29,164,79186.621,450542.77,76416.167,452974.26,40,5181840,3686.132,2,10639,0.4832735,37,158
Erasmus Veld,Parkbuurt Oosteinde,Wateringse Veld,2009,24,67,79186.621,450542.77,79853.017,449297.82,103,5184003,1412.082,5,10698,0.5091302,45,101
Erasmus Veld,Schildersbuurt-Oost,Wateringse Veld,2009,24,228,79186.621,450542.77,81270.005,453579.33,17,5182917,3682.557,1,10619,0.9150537,45,228
Eykenduynen,Burgen en Horsten,Vruchtenbuurt,2006,66,82,77847.231,453725.17,84507.038,456483.6,69,5182569,7208.466,4,8612,0.488813,89,193
Geuzenkwartier,Bezuidenhout-West,Geuzen- en Statenkwartier,2004,58,70,78472.418,456729.06,82592.304,455123.84,64,5182664,4421.561,3,855,0.5950979,131,634
Geuzenkwartier,Bloemenbuurt-Oost,Geuzen- en Statenkwartier,2005,49,69,78472.418,456729.06,77820.025,454928.9,51,5181251,1914.729,5,846,0.3731998,102,161
Geuzenkwartier,Houtwijk,Geuzen- en Statenkwartier,2004,58,199,78472.418,456729.06,76992.266,452335.92,86,5181786,4635.786,7,877,0.3738999,131,533
Geuzenkwartier,Rijslag,Geuzen- en Statenkwartier,2003,38,12,78472.418,456729.06,79513.394,458279.24,72,5180772,1867.265,5,863,0.3869169,137,120
Geuzenkwartier,Rustenburg,Geuzen- en Statenkwartier,2009,51,141,78472.418,456729.06,78802.881,453532.63,30,5183130,3213.465,1,825,0.550801,84,215
Groente- en Fruitmarkt,Archipelbuurt,Groente- en Fruitmarkt,2004,127,44,80604.298,452912.11,80679.999,456508.23,46,5180546,3596.912,1,2323,0.8203616,405,413
Groente- en Fruitmarkt,Moerwijk-Zuid,Groente- en Fruitmarkt,2009,156,150,80604.298,452912.11,80106.222,451423.04,39,5183639,1570.17,12,2316,0.8505305,300,142
Groente- en Fruitmarkt,Morgenstond-West,Groente- en Fruitmarkt,2007,146,155,80604.298,452912.11,78419.446,451765.29,88,5183488,2467.547,16,2361,0.821074,300,399
Groente- en Fruitmarkt,Morgenweide,Groente- en Fruitmarkt,2005,168,106,80604.298,452912.11,85599.035,451391.17,112,5184212,5221.174,5,2385,0.7962928,368,100
Groente- en Fruitmarkt,Oostbroek-Zuid,Groente- en Fruitmarkt,2005,168,202,80604.298,452912.11,79450.734,453384.99,35,5183135,1246.723,22,2312,0.7857867,368,432
Groente- en Fruitmarkt,Rivierenbuurt-Zuid,Groente- en Fruitmarkt,2005,168,32,80604.298,452912.11,82448.603,454478.49,62,5182762,2419.711,1,2335,0.8245382,368,52
Groente- en Fruitmarkt,Rond de Energiecentrale,Groente- en Fruitmarkt,2006,138,371,80604.298,452912.11,79694.296,454604.06,10,5182110,1921.14,7,2290,0.821578,258,342
Groente- en Fruitmarkt,Valkenboskwartier,Groente- en Fruitmarkt,2006,138,283,80604.298,452912.11,78828.448,454489.27,55,5182055,2375.092,13,2332,0.8204256,258,369
Haagse Bos,Archipelbuurt,Haagse Bos,2007,3,53,82562.968,456196.18,80679.999,456508.23,46,5180546,1908.65,4,5173,0.5408531,57,198
Haagse Bos,Bloemenbuurt-West,Haagse Bos,2007,3,15,82562.968,456196.18,77287.477,454475.93,50,5181250,5548.879,1,5177,0.4590889,57,78
Haagse Bos,Haagse Bos,Haagse Bos,2005,0,0,82562.968,456196.18,82562.968,456196.18,49,5182449,0,4,5176,0.5013923,79,79
Heesterbuurt,De Uithof,Valkenboskwartier,2003,137,2,78293.527,454267.97,76737.358,450129.23,99,5183399,4421.634,2,5792,0.4350709,329,132
Heesterbuurt,Heesterbuurt,Valkenboskwartier,2006,164,164,78293.527,454267.97,78293.527,454267.97,54,5182054,0,50,5751,0.586596,181,181
Heesterbuurt,Houtwijk,Valkenboskwartier,2005,166,186,78293.527,454267.97,76992.266,452335.92,86,5181786,2329.397,11,5779,0.524186,232,529
Heesterbuurt,Laakhaven-Oost,Valkenboskwartier,2004,148,101,78293.527,454267.97,82238.754,453809.14,19,5183819,3971.818,9,5719,0.769016,311,292
Heesterbuurt,Laakkwartier-Oost,Valkenboskwartier,2009,133,315,78293.527,454267.97,82226.618,452967.68,25,5183825,4142.458,14,5725,0.6837679,264,464
Heesterbuurt,Landen,Valkenboskwartier,2005,166,132,78293.527,454267.97,85024.412,456854.6,61,5182561,7210.788,8,5754,0.595671,232,121
Heesterbuurt,Moerwijk-Noord,Valkenboskwartier,2006,164,195,78293.527,454267.97,80454.439,452443.94,38,5183638,2827.832,5,5735,0.7021169,181,242
Heesterbuurt,Morgenstond-West,Valkenboskwartier,2009,133,124,78293.527,454267.97,78419.446,451765.29,88,5183488,2505.848,8,5781,0.6585175,264,411
Hoge Veld,Moerwijk-Noord,Wateringse Veld,2008,70,163,79585.362,449955.01,80454.439,452443.94,38,5183638,2636.298,1,10751,0.7139993,82,269
Hoge Veld,Rustenburg,Wateringse Veld,2004,11,121,79585.362,449955.01,78802.881,453532.63,30,5183130,3662.194,4,10743,0.4672088,24,269
Houtwijk,Componistenbuurt,Loosduinen,2003,138,6,76992.266,452335.92,76346.377,453537.39,93,5181893,1364.069,3,8978,0.424071,655,61
Houtwijk,Erasmus Veld,Loosduinen,2006,242,29,76992.266,452335.92,79186.621,450542.77,101,5184001,2833.831,6,8986,0.4689615,368,37
Houtwijk,Kijkduin,Loosduinen,2007,204,20,76992.266,452335.92,75519.719,454298.21,91,5181591,2453.357,3,8976,0.4166296,428,78
Houtwijk,Morgenstond-West,Loosduinen,2007,204,155,76992.266,452335.92,78419.446,451765.29,88,5183488,1537.031,37,8973,0.5934975,428,399
Houtwijk,Rijslag,Loosduinen,2007,204,32,76992.266,452335.92,79513.394,458279.24,72,5180772,6455.933,1,8957,0.4617318,428,85
Houtwijk,Rivierenbuurt-Noord,Loosduinen,2004,199,87,76992.266,452335.92,82184.823,454877.38,63,5182763,5781.144,1,8948,0.6299543,533,323
Houtwijk,Spoorwijk,Loosduinen,2006,242,150,76992.266,452335.92,81227.602,452158.09,23,5183823,4239.067,9,8915,0.7243627,368,92
Houtwijk,Zeeheldenkwartier,Loosduinen,2008,209,181,76992.266,452335.92,80223.357,455467.62,45,5182245,4499.716,15,8934,0.571538,504,566
Huygenspark,Groente- en Fruitmarkt,Stationsbuurt,2004,142,127,81783.216,454185.69,80604.298,452912.11,21,5183721,1735.464,10,1959,0.828579,587,405
Huygenspark,Hoge Veld,Stationsbuurt,2007,172,39,81783.216,454185.69,79585.362,449955.01,102,5184002,4767.514,5,2033,0.7294637,411,55
Huygenspark,Kom Loosduinen,Stationsbuurt,2004,142,78,81783.216,454185.69,75966.222,452310.59,95,5181795,6111.744,5,2026,0.670056,587,212
Huygenspark,Laakhaven-Oost,Stationsbuurt,2003,123,88,81783.216,454185.69,82238.754,453809.14,19,5183819,591.018,18,1957,0.8072042,694,382
Huygenspark,Laakkwartier-Oost,Stationsbuurt,2006,170,365,81783.216,454185.69,82226.618,452967.68,25,5183825,1296.201,31,1963,0.7628642,371,397
Huygenspark,Moerwijk-West,Stationsbuurt,2005,127,204,81783.216,454185.69,79856.692,451847.38,37,5183637,3029.713,4,1972,0.7703046,454,333
Kampen,Noordpolderbuurt,Mariahoeve en Marlot,2008,55,264,83972.725,456051.35,82724.088,453294.38,26,5183826,3026.542,1,6752,0.8196386,72,297
Kampen,Transvaalkwartier-Midden,Mariahoeve en Marlot,2006,49,166,83972.725,456051.35,79874.434,453753.38,33,5183033,4698.581,3,6756,0.8742004,57,609
Kampen,Venen/Oorden/Raden,Mariahoeve en Marlot,2007,65,265,83972.725,456051.35,77467.131,451304.75,87,5183387,8053.136,1,6806,0.7598138,54,307
Kampen,Zijden/Steden/Zichten,Mariahoeve en Marlot,2008,55,194,83972.725,456051.35,77800.295,450854.71,96,5183396,8068.704,2,6815,0.7379109,72,276
Kerketuinen/Zichtenburg,Heesterbuurt,Loosduinen,2005,20,166,77037.443,451558.07,78293.527,454267.97,54,5182054,2986.856,2,8829,0.7252527,79,232
Kerketuinen/Zichtenburg,Kerketuinen/Zichtenburg,Loosduinen,2003,208,208,77037.443,451558.07,77037.443,451558.07,85,5181785,0,10,8856,0.72533,182,182
Kerketuinen/Zichtenburg,Leyenburg,Loosduinen,2006,10,218,77037.443,451558.07,78248.963,452901.75,84,5183284,1809.214,1,8855,0.741825,94,511
Kijkduin,Bloemenbuurt-Oost,Kijkduin en Ockenburgh,2007,20,52,75519.719,454298.21,77820.025,454928.9,51,5181251,2385.201,3,9510,0.3958154,78,143
Kijkduin,De Bras,Kijkduin en Ockenburgh,2003,13,31,75519.719,454298.21,86142.018,449864.37,115,5184215,11510.53,3,9570,0.3205415,126,9
Kijkduin,Oostbroek-Zuid,Kijkduin en Ockenburgh,2004,16,197,75519.719,454298.21,79450.734,453384.99,35,5183135,4035.698,1,9494,0.6329967,99,480
Kom Loosduinen,Huygenspark,Loosduinen,2008,73,206,75966.222,452310.59,81783.216,454185.69,18,5182718,6111.744,4,9936,0.6875033,215,522
Kom Loosduinen,Morgenstond-West,Loosduinen,2009,77,124,75966.222,452310.59,78419.446,451765.29,88,5183488,2513.097,3,9999,0.5708569,260,411
Kom Loosduinen,Nieuw Waldeck,Loosduinen,2008,73,146,75966.222,452310.59,76416.167,452974.26,40,5181840,801.8191,19,9955,0.4055776,215,222
Kom Loosduinen,Oostbroek-Zuid,Loosduinen,2005,79,202,75966.222,452310.59,79450.734,453384.99,35,5183135,3646.391,5,9950,0.6385546,200,432
Kom Loosduinen,Schildersbuurt-Oost,Loosduinen,2009,77,228,75966.222,452310.59,81270.005,453579.33,17,5182917,5453.424,2,9935,0.9336253,260,228
Kom Loosduinen,Zuidwal,Loosduinen,2007,89,151,75966.222,452310.59,81171.588,454554.21,14,5182814,5668.305,2,9932,0.5786076,210,1992
Koningsplein eo,De Lanen,Regentessekwartier,2009,121,48,79379.88,455030.03,86991.62,453087.95,118,5184418,7855.586,1,4671,0.6027083,363,87
Koningsplein eo,Moerwijk-Oost,Regentessekwartier,2003,143,62,79379.88,455030.03,80761.563,451911.95,20,5183620,3410.495,17,4580,0.6491352,570,191
Koningsplein eo,Moerwijk-Oost,Regentessekwartier,2009,121,80,79379.88,455030.03,80761.563,451911.95,20,5183620,3410.495,4,4580,0.7281668,363,105
Koningsplein eo,Schildersbuurt-Noord,Regentessekwartier,2007,151,352,79379.88,455030.03,80974.524,453981.39,16,5182916,1908.541,5,4576,0.8684424,353,554
Koningsplein eo,Statenkwartier,Regentessekwartier,2005,142,114,79379.88,455030.03,78902.478,456799.66,7,5180907,1832.895,21,4567,0.599796,343,361
Koningsplein eo,Waldeck-Noord,Regentessekwartier,2008,125,26,79379.88,455030.03,75725.315,453119.56,94,5181894,4123.801,3,4647,0.5356807,287,94
Kortenbos,Burgen en Horsten,Centrum,2008,148,87,80655.598,454904.27,84507.038,456483.6,69,5182569,4162.675,5,1202,0.6337692,451,205
Kortenbos,Hoge Veld,Centrum,2008,148,70,80655.598,454904.27,79585.362,449955.01,102,5184002,5063.656,15,1235,0.6232628,451,82
Kortenbos,Landen,Centrum,2003,115,74,80655.598,454904.27,85024.412,456854.6,61,5182561,4784.382,12,1194,0.611525,1285,186
Kortenbos,Oud Scheveningen,Centrum,2008,148,55,80655.598,454904.27,78627.353,457923.01,1,5180701,3636.83,8,1141,0.534003,451,115
Kortenbos,Stadhoudersplantsoen,Centrum,2004,109,11,80655.598,454904.27,78941.675,455806.33,42,5181142,1936.813,2,1179,0.578213,1158,183
Kortenbos,Statenkwartier,Centrum,2006,154,95,80655.598,454904.27,78902.478,456799.66,7,5180907,2581.843,8,1147,0.6056667,631,328
Kortenbos,Zeeheldenkwartier,Centrum,2006,154,208,80655.598,454904.27,80223.357,455467.62,45,5182245,710.0618,35,1182,0.6446807,631,456
Kortenbos,v Hoytemastraat eo,Centrum,2008,148,18,80655.598,454904.27,82189.176,456547.83,79,5180479,2247.922,1,1212,0.6196044,451,58
Kraayenstein,Bloemenbuurt-West,Kraayenstein en de Uithof,2008,106,17,75133.278,451071.59,77287.477,454475.93,50,5181250,4028.661,4,10193,0.3880808,236,81
Kraayenstein,De Velden,Kraayenstein en de Uithof,2005,110,44,75133.278,451071.59,87580.597,453976.79,119,5184419,12781.86,1,10258,0.450453,165,53
Kraayenstein,Geuzenkwartier,Kraayenstein en de Uithof,2009,123,51,75133.278,451071.59,78472.418,456729.06,8,5180908,6569.383,1,10154,0.3847872,214,84
Kraayenstein,Kijkduin,Kraayenstein en de Uithof,2009,123,19,75133.278,451071.59,75519.719,454298.21,91,5181591,3249.675,7,10230,0.397942,214,96
Kraayenstein,Noordpolderbuurt,Kraayenstein en de Uithof,2009,123,254,75133.278,451071.59,82724.088,453294.38,26,5183826,7909.563,6,10172,0.8172657,214,349
Kraayenstein,Schildersbuurt-Noord,Kraayenstein en de Uithof,2005,110,376,75133.278,451071.59,80974.524,453981.39,16,5182916,6525.877,3,10162,0.8601079,165,543
Kraayenstein,Transvaalkwartier-Midden,Kraayenstein en de Uithof,2006,102,166,75133.278,451071.59,79874.434,453753.38,33,5183033,5447.065,2,10176,0.8736804,139,609
Laakhaven-Oost,Bezuidenhout-West,Laakkwartier en Spoorwijk,2003,88,59,82238.754,453809.14,82592.304,455123.84,64,5182664,1361.407,5,2109,0.785718,382,887
Laakhaven-Oost,Moerwijk-West,Laakkwartier en Spoorwijk,2004,101,147,82238.754,453809.14,79856.692,451847.38,37,5183637,3085.889,5,2086,0.7929269,292,326
Laakhaven-Oost,Rivierenbuurt-Zuid,Laakkwartier en Spoorwijk,2009,102,35,82238.754,453809.14,82448.603,454478.49,62,5182762,701.4762,1,2107,0.7987758,242,84
Laakhaven-Oost,Zuidwal,Laakkwartier en Spoorwijk,2006,111,188,82238.754,453809.14,81171.588,454554.21,14,5182814,1301.526,14,2066,0.7919219,230,1645
Laakhaven-West,Morgenstond-West,Laakkwartier en Spoorwijk,2003,75,136,81545.294,453175.26,78419.446,451765.29,88,5183488,3429.132,2,2475,0.740498,732,679
Laakhaven-West,Morgenweide,Laakkwartier en Spoorwijk,2007,121,123,81545.294,453175.26,85599.035,451391.17,112,5184212,4428.97,9,2499,0.7825618,444,113
Laakhaven-West,Visserijbuurt,Laakkwartier en Spoorwijk,2005,119,79,81545.294,453175.26,79198.093,457836.12,4,5180704,5218.52,1,2398,0.7433427,463,95
Laakkwartier-Oost,Archipelbuurt,Laakkwartier en Spoorwijk,2004,318,44,82226.618,452967.68,80679.999,456508.23,46,5180546,3863.611,1,2779,0.6485425,483,413
Laakkwartier-Oost,Bloemenbuurt-West,Laakkwartier en Spoorwijk,2007,350,15,82226.618,452967.68,77287.477,454475.93,50,5181250,5164.294,2,2783,0.6201812,450,78
Laakkwartier-Oost,De Bras,Laakkwartier en Spoorwijk,2005,318,40,82226.618,452967.68,86142.018,449864.37,115,5184215,4996.092,8,2844,0.6048989,469,27
Laakkwartier-Oost,Nieuw Waldeck,Laakkwartier en Spoorwijk,2008,326,146,82226.618,452967.68,76416.167,452974.26,40,5181840,5810.455,8,2773,0.6504885,436,222
Laakkwartier-Oost,Stadhoudersplantsoen,Laakkwartier en Spoorwijk,2006,365,27,82226.618,452967.68,78941.675,455806.33,42,5181142,4341.517,1,2775,0.6444581,397,109
Laakkwartier-Oost,Visserijbuurt,Laakkwartier en Spoorwijk,2007,350,64,82226.618,452967.68,79198.093,457836.12,4,5180704,5733.551,1,2740,0.6291281,450,138
Laakkwartier-Oost,Zijden/Steden/Zichten,Laakkwartier en Spoorwijk,2003,289,141,82226.618,452967.68,77800.295,450854.71,96,5183396,4904.794,20,2825,0.6777408,620,270
Laakkwartier-West,De Bras,Laakkwartier en Spoorwijk,2007,235,56,81676.184,452482.26,86142.018,449864.37,115,5184215,5176.583,11,2730,0.661966,323,48
Laakkwartier-West,Eykenduynen,Laakkwartier en Spoorwijk,2007,235,38,81676.184,452482.26,77847.231,453725.17,83,5181983,4025.632,2,2698,0.6482208,323,144
Laakkwartier-West,Kom Loosduinen,Laakkwartier en Spoorwijk,2005,258,79,81676.184,452482.26,75966.222,452310.59,95,5181795,5712.542,1,2710,0.601723,331,200
Laakkwartier-West,Kraayenstein,Laakkwartier en Spoorwijk,2004,239,112,81676.184,452482.26,75133.278,451071.59,97,5181697,6693.249,1,2712,0.6081062,401,206
Laakkwartier-West,Rustenburg,Laakkwartier en Spoorwijk,2004,239,121,81676.184,452482.26,78802.881,453532.63,30,5183130,3059.275,6,2649,0.6724973,401,269
Laakkwartier-West,Singels,Laakkwartier en Spoorwijk,2009,217,76,81676.184,452482.26,84597.526,450403.25,113,5184213,3585.594,7,2728,0.68873,264,107
Lage Veld,De Lanen,Wateringse Veld,2004,56,23,80094.01,448862.11,86991.62,453087.95,118,5184418,8089.176,9,11055,0.4922865,54,6
Lage Veld,Noordpolderbuurt,Wateringse Veld,2008,79,264,80094.01,448862.11,82724.088,453294.38,26,5183826,5153.868,1,10970,0.8117958,47,297
Landen,Archipelbuurt,Mariahoeve en Marlot,2007,117,53,85024.412,456854.6,80679.999,456508.23,46,5180546,4358.199,3,6085,0.611359,126,198
Landen,Bosweide,Mariahoeve en Marlot,2004,74,27,85024.412,456854.6,84899.888,451586.61,108,5184208,5269.464,1,6143,0.5132687,145,26
Landen,Hoge Veld,Mariahoeve en Marlot,2008,120,70,85024.412,456854.6,79585.362,449955.01,102,5184002,8785.648,5,6137,0.6137083,131,82
Landen,Huygenspark,Mariahoeve en Marlot,2006,109,170,85024.412,456854.6,81783.216,454185.69,18,5182718,4198.625,1,6060,0.743952,112,371
Landen,Zeeheldenkwartier,Mariahoeve en Marlot,2003,74,170,85024.412,456854.6,80223.357,455467.62,45,5182245,4997.385,6,6084,0.6122906,186,972
Landen,Zuidwal,Mariahoeve en Marlot,2009,117,160,85024.412,456854.6,81171.588,454554.21,14,5182814,4487.322,7,6056,0.6930125,142,623
Landen,v Hoytemastraat eo,Mariahoeve en Marlot,2003,74,15,85024.412,456854.6,82189.176,456547.83,79,5180479,2851.783,1,6114,0.584029,186,137
Leyenburg,Belgisch Park,Leyenburg,2003,123,98,78248.963,452901.75,79980.953,458771.21,71,5180271,6119.667,6,8728,0.4668028,1002,544
Leyenburg,Duinzigt,Leyenburg,2004,162,8,78248.963,452901.75,82247.32,457869.94,76,5180476,6377.286,4,8733,0.5186527,1015,69
Leyenburg,Eykenduynen,Leyenburg,2003,123,53,78248.963,452901.75,77847.231,453725.17,83,5181983,916.1912,7,8740,0.3961544,1002,150
Leyenburg,Noordpolderbuurt,Leyenburg,2006,218,326,78248.963,452901.75,82724.088,453294.38,26,5183826,4492.316,7,8690,0.803617,511,316
Leyenburg,Noordpolderbuurt,Leyenburg,2009,198,254,78248.963,452901.75,82724.088,453294.38,26,5183826,4492.316,5,8690,0.8183964,578,349
Leyenburg,Rustenburg,Leyenburg,2004,162,121,78248.963,452901.75,78802.881,453532.63,30,5183130,839.5461,20,8691,0.5369855,1015,269
Leyenburg,Schildersbuurt-Noord,Leyenburg,2006,218,387,78248.963,452901.75,80974.524,453981.39,16,5182916,2931.605,5,8680,0.8589209,511,437
Leyenburg,Venen/Oorden/Raden,Leyenburg,2008,223,272,78248.963,452901.75,77467.131,451304.75,87,5183387,1778.111,32,8744,0.7247758,603,271
Moerwijk-Noord,Lage Veld,Moerwijk,2008,163,79,80454.439,452443.94,80094.01,448862.11,104,5184004,3599.918,2,3973,0.7161738,269,47
Moerwijk-Noord,Landen,Moerwijk,2009,177,117,80454.439,452443.94,85024.412,456854.6,61,5182561,6351.266,2,3930,0.7489985,332,142
Moerwijk-Noord,Oostbroek-Zuid,Moerwijk,2008,163,172,80454.439,452443.94,79450.734,453384.99,35,5183135,1375.862,30,3908,0.7781559,269,373
Moerwijk-Noord,Rivierenbuurt-Zuid,Moerwijk,2005,182,32,80454.439,452443.94,82448.603,454478.49,62,5182762,2848.876,11,3931,0.7434234,295,52
Moerwijk-Noord,Waldeck-Zuid,Moerwijk,2007,182,45,80454.439,452443.94,75810.388,452667.99,6,5181806,4649.453,1,3882,0.6819081,290,19
Moerwijk-Oost,Erasmus Veld,Moerwijk,2007,106,38,80761.563,451911.95,79186.621,450542.77,101,5184001,2086.886,1,2260,0.6708749,214,59
Moerwijk-Oost,Kom Loosduinen,Moerwijk,2007,106,89,80761.563,451911.95,75966.222,452310.59,95,5181795,4811.882,2,2254,0.6165845,214,210
Moerwijk-Oost,Morgenweide,Moerwijk,2004,85,102,80761.563,451911.95,85599.035,451391.17,112,5184212,4865.423,1,2271,0.62705,142,110
Moerwijk-Oost,Noordpolderbuurt,Moerwijk,2006,116,326,80761.563,451911.95,82724.088,453294.38,26,5183826,2400.549,8,2192,0.815991,171,316
Moerwijk-Oost,Waldeck-Noord,Moerwijk,2008,89,26,80761.563,451911.95,75725.315,453119.56,94,5181894,5179.007,1,2253,0.66936,132,94
Moerwijk-West,Belgisch Park,Moerwijk,2005,204,107,79856.692,451847.38,79980.953,458771.21,71,5180271,6924.94,3,3826,0.6558626,333,411
Moerwijk-West,Moerwijk-West,Moerwijk,2008,184,184,79856.692,451847.38,79856.692,451847.38,37,5183637,0,55,3796,0.77127,278,278
Moerwijk-West,Moerwijk-Zuid,Moerwijk,2005,204,161,79856.692,451847.38,80106.222,451423.04,39,5183639,492.2754,25,3798,0.7446538,333,164
Moerwijk-West,Morgenstond-Zuid,Moerwijk,2008,184,170,79856.692,451847.38,79161.745,451240.78,80,5183480,922.4523,14,3835,0.769973,278,258
Moerwijk-West,Statenkwartier,Moerwijk,2008,184,89,79856.692,451847.38,78902.478,456799.66,7,5180907,5043.367,3,3769,0.723784,278,352
Moerwijk-West,Visserijbuurt,Moerwijk,2005,204,79,79856.692,451847.38,79198.093,457836.12,4,5180704,6024.839,1,3766,0.6304526,333,95
Moerwijk-West,Waldeck-Zuid,Moerwijk,2003,159,20,79856.692,451847.38,75810.388,452667.99,6,5181806,4128.677,2,3768,0.6019373,383,44
Moerwijk-Zuid,Bomenbuurt,Moerwijk,2008,151,58,80106.222,451423.04,78487.746,455282.72,52,5181252,4185.282,2,4039,0.7127498,160,274
Moerwijk-Zuid,Kortenbos,Moerwijk,2008,151,148,80106.222,451423.04,80655.598,454904.27,11,5182811,3524.319,6,4001,0.7477153,160,451
Moerwijk-Zuid,Landen,Moerwijk,2009,150,117,80106.222,451423.04,85024.412,456854.6,61,5182561,7327.379,2,4044,0.7509058,142,142
Moerwijk-Zuid,Rivierenbuurt-Zuid,Moerwijk,2009,150,35,80106.222,451423.04,82448.603,454478.49,62,5182762,3850.008,1,4045,0.7792938,142,84
Moerwijk-Zuid,Rosenburg,Moerwijk,2003,158,14,80106.222,451423.04,77028.433,453312.66,82,5181882,3611.574,3,4065,0.6191279,271,253
Morgenstond-Oost,Eykenduynen,Morgenstond,2004,123,55,78870.825,452058.42,77847.231,453725.17,83,5181983,1955.967,5,9310,0.5101083,399,172
Morgenstond-Oost,Oostbroek-Noord,Morgenstond,2008,153,105,78870.825,452058.42,79177.217,453884.54,31,5183131,1851.652,3,9262,0.7305844,367,234
Morgenstond-Oost,Oostbroek-Zuid,Morgenstond,2003,124,140,78870.825,452058.42,79450.734,453384.99,35,5183135,1447.787,1,9266,0.6715075,344,618
Morgenstond-Oost,Oostbroek-Zuid,Morgenstond,2006,125,216,78870.825,452058.42,79450.734,453384.99,35,5183135,1447.787,5,9266,0.730402,291,385
Morgenstond-Oost,Rond de Energiecentrale,Morgenstond,2006,125,371,78870.825,452058.42,79694.296,454604.06,10,5182110,2675.518,12,9244,0.711643,291,342
Morgenstond-Oost,Schildersbuurt-Noord,Morgenstond,2007,123,352,78870.825,452058.42,80974.524,453981.39,16,5182916,2850.155,2,9250,0.8541524,259,554
Morgenstond-Oost,Zonne Veld,Morgenstond,2007,123,59,78870.825,452058.42,80322.369,448382.87,105,5184005,3951.784,3,9332,0.6214457,259,77
Morgenstond-West,Bezuidenhout-West,Morgenstond,2005,154,77,78419.446,451765.29,82592.304,455123.84,64,5182664,5356.547,2,9177,0.7031005,443,448
Morgenstond-West,Houtwijk,Morgenstond,2004,144,199,78419.446,451765.29,76992.266,452335.92,86,5181786,1537.031,43,9199,0.5715595,570,533
Morgenstond-West,Kom Loosduinen,Morgenstond,2007,155,89,78419.446,451765.29,75966.222,452310.59,95,5181795,2513.097,12,9208,0.5422065,399,210
Morgenstond-West,Laakhaven-West,Morgenstond,2006,145,120,78419.446,451765.29,81545.294,453175.26,22,5183822,3429.132,1,9142,0.781875,366,477
Morgenstond-West,Moerwijk-Noord,Morgenstond,2004,144,174,78419.446,451765.29,80454.439,452443.94,38,5183638,2145.172,18,9155,0.6990981,570,375
Morgenstond-West,Moerwijk-Zuid,Morgenstond,2003,136,158,78419.446,451765.29,80106.222,451423.04,39,5183639,1721.148,10,9156,0.6872708,679,271
Morgenstond-Zuid,Componistenbuurt,Morgenstond,2005,170,16,79161.745,451240.78,76346.377,453537.39,93,5181893,3633.275,1,8294,0.6256062,244,47
Morgenstond-Zuid,Geuzenkwartier,Morgenstond,2007,182,57,79161.745,451240.78,78472.418,456729.06,8,5180908,5531.4,1,8216,0.634516,296,86
Morgenstond-Zuid,Houtwijk,Morgenstond,2009,165,186,79161.745,451240.78,76992.266,452335.92,86,5181786,2430.221,15,8287,0.690753,206,395
Morgenstond-Zuid,Landen,Morgenstond,2006,173,109,79161.745,451240.78,85024.412,456854.6,61,5182561,8117.01,5,8262,0.6955472,260,112
Morgenstond-Zuid,Transvaalkwartier-Noord,Morgenstond,2007,182,142,79161.745,451240.78,79658.149,454095.83,32,5183032,2897.881,2,8237,0.8618097,296,140
Morgenstond-Zuid,Waldeck-Zuid,Morgenstond,2003,142,20,79161.745,451240.78,75810.388,452667.99,6,5181806,3642.598,5,8214,0.5977138,358,44
Morgenweide,Morgenweide,Ypenburg,2009,120,120,85599.035,451391.17,85599.035,451391.17,112,5184212,0,66,11961,0.58231,138,138
Morgenweide,Rond de Energiecentrale,Ypenburg,2005,106,374,85599.035,451391.17,79694.296,454604.06,10,5182110,6722.244,2,11866,0.6689457,100,296
Morgenweide,Schildersbuurt-West,Ypenburg,2009,120,464,85599.035,451391.17,80427.874,453837.54,15,5182915,5720.63,3,11871,0.8917646,138,3586
Morgenweide,Singels,Ypenburg,2005,106,88,85599.035,451391.17,84597.526,450403.25,113,5184213,1406.773,11,11962,0.5216777,100,64
Morgenweide,Willemspark,Ypenburg,2007,123,20,85599.035,451391.17,81028.215,455949.6,47,5182347,6455.36,2,11900,0.6116883,113,71
Nassaubuurt,Bomenbuurt,Benoordenhout,2007,11,68,81674.225,456211.1,78487.746,455282.72,52,5181252,3318.967,1,5065,0.5694216,50,224
Nassaubuurt,Venen/Oorden/Raden,Benoordenhout,2008,10,272,81674.225,456211.1,77467.131,451304.75,87,5183387,6463.118,1,5096,0.778017,71,271
Nassaubuurt,Zuidwal,Benoordenhout,2009,16,160,81674.225,456211.1,81171.588,454554.21,14,5182814,1731.45,1,5030,0.6908951,99,623
Nieuw Waldeck,Bezuidenhout-Oost,Waldeck,2005,179,153,76416.167,452974.26,83467.143,455747.16,66,5182666,7576.625,2,4163,0.490885,231,308
Nieuw Waldeck,Bohemen/Meer en Bos,Waldeck,2006,164,33,76416.167,452974.26,75920.197,453795.66,92,5181492,959.523,6,4189,0.4431788,158,101
Nieuw Waldeck,De Lanen,Waldeck,2007,168,59,76416.167,452974.26,86991.62,453087.95,118,5184418,10576.06,2,4215,0.5185075,224,52
Nieuw Waldeck,Lage Veld,Waldeck,2003,115,40,76416.167,452974.26,80094.01,448862.11,104,5184004,5516.911,1,4201,0.4838292,237,50
Nieuw Waldeck,Rivierenbuurt-Noord,Waldeck,2008,146,105,76416.167,452974.26,82184.823,454877.38,63,5182763,6074.474,2,4160,0.666306,222,295
Noordpolderbuurt,Belgisch Park,Laakkwartier en Spoorwijk,2003,252,98,82724.088,453294.38,79980.953,458771.21,71,5180271,6125.388,3,2914,0.7949679,405,544
Noordpolderbuurt,Bezuidenhout-Oost,Laakkwartier en Spoorwijk,2008,264,140,82724.088,453294.38,83467.143,455747.16,66,5182666,2562.861,8,2909,0.8198188,297,225
Noordpolderbuurt,Hoge Veld,Laakkwartier en Spoorwijk,2008,264,70,82724.088,453294.38,79585.362,449955.01,102,5184002,4582.905,15,2945,0.8105708,297,82
Noordpolderbuurt,Nassaubuurt,Laakkwartier en Spoorwijk,2009,254,16,82724.088,453294.38,81674.225,456211.1,48,5180448,3099.906,1,2895,0.837082,349,99
Noordpolderbuurt,Rond de Energiecentrale,Laakkwartier en Spoorwijk,2003,252,136,82724.088,453294.38,79694.296,454604.06,10,5182110,3300.74,7,2860,0.8078006,405,439
Noordpolderbuurt,Rustenburg,Laakkwartier en Spoorwijk,2007,327,157,82724.088,453294.38,78802.881,453532.63,30,5183130,3928.438,10,2877,0.813613,256,250
Ockenburgh,Noordpolderbuurt,Kijkduin en Ockenburgh,2006,15,326,74513.887,452524.93,82724.088,453294.38,26,5183826,8246.178,1,9374,0.803049,147,316
Ockenburgh,Statenkwartier,Kijkduin en Ockenburgh,2009,58,90,74513.887,452524.93,78902.478,456799.66,7,5180907,6126.418,5,9355,0.521402,193,384
Ockenburgh,Waldeck-Zuid,Kijkduin en Ockenburgh,2007,22,45,74513.887,452524.93,75810.388,452667.99,6,5181806,1304.37,3,9354,0.4269809,126,19
Ockenburgh,Zuidwal,Kijkduin en Ockenburgh,2009,58,160,74513.887,452524.93,81171.588,454554.21,14,5182814,6960.097,1,9362,0.6357942,193,623
Oostbroek-Noord,Eykenduynen,Rustenburg en Oostbroek,2004,95,55,79177.217,453884.54,77847.231,453725.17,83,5181983,1339.501,2,3154,0.6118641,349,172
Oostbroek-Noord,Venen/Oorden/Raden,Rustenburg en Oostbroek,2004,95,253,79177.217,453884.54,77467.131,451304.75,87,5183387,3095.116,6,3158,0.7582753,349,345
Oostbroek-Zuid,Dreven en Gaarden,Rustenburg en Oostbroek,2004,197,231,79450.734,453384.99,78164.958,450403.42,98,5183398,3246.993,11,3625,0.7331666,480,394
Oostbroek-Zuid,Eykenduynen,Rustenburg en Oostbroek,2005,202,50,79450.734,453384.99,77847.231,453725.17,83,5181983,1639.19,3,3610,0.6625665,432,126
Oostbroek-Zuid,Geuzenkwartier,Rustenburg en Oostbroek,2004,197,58,79450.734,453384.99,78472.418,456729.06,8,5180908,3484.24,3,3542,0.6189499,480,131
Oostbroek-Zuid,Heesterbuurt,Rustenburg en Oostbroek,2006,216,164,79450.734,453384.99,78293.527,454267.97,54,5182054,1455.606,21,3585,0.71835,385,181
Oostbroek-Zuid,Laakkwartier-West,Rustenburg en Oostbroek,2005,202,258,79450.734,453384.99,81676.184,452482.26,24,5183824,2401.573,17,3558,0.7503884,432,331
Oostbroek-Zuid,Moerwijk-West,Rustenburg en Oostbroek,2003,140,159,79450.734,453384.99,79856.692,451847.38,37,5183637,1590.293,10,3568,0.7167227,618,383
Oostbroek-Zuid,Zeeheldenkwartier,Rustenburg en Oostbroek,2006,216,208,79450.734,453384.99,80223.357,455467.62,45,5182245,2221.325,2,3576,0.74531,385,456
Oud Scheveningen,Burgen en Horsten,Scheveningen,2009,59,85,78627.353,457923.01,84507.038,456483.6,69,5182569,6053.313,1,62,0.5007525,98,214
Oud Scheveningen,Moerwijk-Zuid,Scheveningen,2004,45,154,78627.353,457923.01,80106.222,451423.04,39,5183639,6666.083,1,36,0.6026416,172,202
Oud Scheveningen,Morgenstond-Oost,Scheveningen,2003,31,124,78627.353,457923.01,78870.825,452058.42,89,5183489,5869.642,1,82,0.469021,199,344
Oud Scheveningen,Oud Scheveningen,Scheveningen,2003,31,31,78627.353,457923.01,78627.353,457923.01,1,5180701,0,31,1,0.29776,199,199
Oud Scheveningen,Statenkwartier,Scheveningen,2004,45,89,78627.353,457923.01,78902.478,456799.66,7,5180907,1156.549,6,7,0.4456474,172,473
Oud Scheveningen,Vruchtenbuurt,Scheveningen,2008,55,62,78627.353,457923.01,77415.149,453995.4,53,5181953,4110.422,4,50,0.351509,115,238
Parkbuurt Oosteinde,Kraayenstein,Wateringse Veld,2006,46,102,79853.017,449297.82,75133.278,451071.59,97,5181697,5042.043,5,10920,0.4172611,43,139
Parkbuurt Oosteinde,Landen,Wateringse Veld,2008,48,120,79853.017,449297.82,85024.412,456854.6,61,5182561,9156.868,1,10884,0.5777682,85,131
Parkbuurt Oosteinde,Vogelwijk,Wateringse Veld,2005,49,37,79853.017,449297.82,77137.431,455497.52,9,5181309,6768.356,1,10839,0.463088,66,157
Rijslag,Laakhaven-West,Scheveningen,2007,32,121,79513.394,458279.24,81545.294,453175.26,22,5183822,5493.561,1,7318,0.7801205,85,444
Rijslag,Scheveningen Badplaats,Scheveningen,2009,22,96,79513.394,458279.24,79034.031,458491.39,3,5180703,524.2118,9,7299,0.473164,82,365
Rivierenbuurt-Noord,Kampen,Stationsbuurt,2004,87,35,82184.823,454877.38,83972.725,456051.35,67,5182567,2138.88,1,6330,0.6943408,323,84
Rivierenbuurt-Noord,Kraayenstein,Stationsbuurt,2005,92,110,82184.823,454877.38,75133.278,451071.59,97,5181697,8013.005,1,6360,0.616219,170,165
Rivierenbuurt-Noord,Moerwijk-Noord,Stationsbuurt,2009,81,177,82184.823,454877.38,80454.439,452443.94,38,5183638,2985.94,5,6305,0.7752828,271,332
Rivierenbuurt-Noord,Transvaalkwartier-Midden,Stationsbuurt,2004,87,141,82184.823,454877.38,79874.434,453753.38,33,5183033,2569.293,9,6300,0.8553224,323,665
Rivierenbuurt-Zuid,Belgisch Park,Stationsbuurt,2009,35,109,82448.603,454478.49,79980.953,458771.21,71,5180271,4951.434,2,6220,0.6916316,84,376
Rivierenbuurt-Zuid,Bezuidenhout-Oost,Stationsbuurt,2005,32,153,82448.603,454478.49,83467.143,455747.16,66,5182666,1626.945,4,6215,0.6558058,52,308
Rivierenbuurt-Zuid,Heesterbuurt,Stationsbuurt,2003,24,137,82448.603,454478.49,78293.527,454267.97,54,5182054,4160.406,2,6207,0.6754856,114,329
Rivierenbuurt-Zuid,Kerketuinen/Zichtenburg,Stationsbuurt,2004,27,218,82448.603,454478.49,77037.443,451558.07,85,5181785,6148.944,2,6234,0.765557,89,119
Rivierenbuurt-Zuid,Kortenbos,Stationsbuurt,2006,27,154,82448.603,454478.49,80655.598,454904.27,11,5182811,1842.866,1,6167,0.7063394,60,631
Rivierenbuurt-Zuid,Laakhaven-Oost,Stationsbuurt,2004,27,101,82448.603,454478.49,82238.754,453809.14,19,5183819,701.4762,4,6175,0.7986817,89,292
Rond de Energiecentrale,Heesterbuurt,Regentessekwartier,2008,389,143,79694.296,454604.06,78293.527,454267.97,54,5182054,1440.524,14,1077,0.6895815,257,218
Rond de Energiecentrale,Laakhaven-Oost,Regentessekwartier,2008,389,115,79694.296,454604.06,82238.754,453809.14,19,5183819,2665.738,9,1045,0.8011882,257,219
Rond de Energiecentrale,Laakhaven-West,Regentessekwartier,2006,371,120,79694.296,454604.06,81545.294,453175.26,22,5183822,2338.303,13,1048,0.799154,342,477
Rond de Energiecentrale,Landen,Regentessekwartier,2007,329,117,79694.296,454604.06,85024.412,456854.6,61,5182561,5785.765,6,1080,0.71329,308,126
Rond de Energiecentrale,Rijslag,Regentessekwartier,2005,374,19,79694.296,454604.06,79513.394,458279.24,72,5180772,3679.629,2,1091,0.6616147,296,100
Rond de Energiecentrale,Rustenburg,Regentessekwartier,2009,412,141,79694.296,454604.06,78802.881,453532.63,30,5183130,1393.762,19,1053,0.7187393,354,215
Rond de Energiecentrale,Sweelinckplein eo,Regentessekwartier,2009,412,131,79694.296,454604.06,79342.008,455512.35,43,5181143,974.217,18,1066,0.6975981,354,239
Rond de Energiecentrale,Voorhout,Regentessekwartier,2009,412,39,79694.296,454604.06,81303.553,455410.77,12,5182812,1800.137,5,1038,0.7307927,354,354
Rosenburg,Erasmus Veld,Waldeck,2004,14,25,77028.433,453312.66,79186.621,450542.77,101,5184001,3511.422,2,8530,0.4383974,260,93
Rosenburg,Eykenduynen,Waldeck,2005,19,50,77028.433,453312.66,77847.231,453725.17,83,5181983,916.838,9,8512,0.418581,263,126
Rosenburg,Kortenbos,Waldeck,2003,14,115,77028.433,453312.66,80655.598,454904.27,11,5182811,3961.004,6,8447,0.543944,253,1285
Rosenburg,Leyenburg,Waldeck,2007,15,199,77028.433,453312.66,78248.963,452901.75,84,5183284,1287.843,12,8513,0.450101,167,505
Rosenburg,Nieuw Waldeck,Waldeck,2004,14,157,77028.433,453312.66,76416.167,452974.26,40,5181840,699.5612,15,8473,0.4581532,260,207
Rosenburg,Nieuw Waldeck,Waldeck,2007,15,168,77028.433,453312.66,76416.167,452974.26,40,5181840,699.5612,6,8473,0.463782,167,224
Rustenburg,Kortenbos,Rustenburg en Oostbroek,2006,146,154,78802.881,453532.63,80655.598,454904.27,11,5182811,2305.203,8,2975,0.6338979,181,631
Rustenburg,Laakhaven-Oost,Rustenburg en Oostbroek,2003,111,88,78802.881,453532.63,82238.754,453809.14,19,5183819,3446.981,2,2983,0.770785,316,382
Rustenburg,Morgenstond-West,Rustenburg en Oostbroek,2005,157,154,78802.881,453532.63,78419.446,451765.29,88,5183488,1808.46,7,3045,0.6409572,240,443
Rustenburg,Rond de Energiecentrale,Rustenburg en Oostbroek,2003,111,136,78802.881,453532.63,79694.296,454604.06,10,5182110,1393.762,19,2974,0.694188,316,439
Rustenburg,Rond de Energiecentrale,Rustenburg en Oostbroek,2008,146,389,78802.881,453532.63,79694.296,454604.06,10,5182110,1393.762,8,2974,0.7122767,183,257
Rustenburg,Transvaalkwartier-Noord,Rustenburg en Oostbroek,2004,121,138,78802.881,453532.63,79658.149,454095.83,32,5183032,1024.048,12,2993,0.8625515,269,210
Rustenburg,Zuidwal,Rustenburg en Oostbroek,2006,146,188,78802.881,453532.63,81171.588,454554.21,14,5182814,2579.611,6,2978,0.677737,181,1645
Scheveningen Badplaats,Bosweide,Scheveningen,2005,107,15,79034.031,458491.39,84899.888,451586.61,108,5184208,9060.039,1,329,0.4333694,268,26
Scheveningen Badplaats,Duttendel,Scheveningen,2007,106,7,79034.031,458491.39,80957.974,457876.04,74,5180374,2019.953,2,295,0.5176091,422,51
Scheveningen Badplaats,Duttendel,Scheveningen,2009,96,13,79034.031,458491.39,80957.974,457876.04,74,5180374,2019.953,2,295,0.523684,365,58
Scheveningen Badplaats,Groente- en Fruitmarkt,Scheveningen,2004,72,127,79034.031,458491.39,80604.298,452912.11,21,5183721,5796.039,1,249,0.802043,318,405
Scheveningen Badplaats,Houtwijk,Scheveningen,2003,76,138,79034.031,458491.39,76992.266,452335.92,86,5181786,6485.259,1,307,0.4451952,450,655
Scheveningen Badplaats,Uilennest,Scheveningen,2005,107,15,79034.031,458491.39,82832.896,456914.83,75,5180475,4113.019,2,296,0.5254204,268,38
Scheveningen Badplaats,Zeeheldenkwartier,Scheveningen,2004,72,180,79034.031,458491.39,80223.357,455467.62,45,5182245,3249.263,6,270,0.557543,318,811
Schildersbuurt-Noord,Bomenbuurt,Schildersbuurt,2005,376,68,80974.524,453981.39,78487.746,455282.72,52,5181252,2806.691,1,1759,0.8679542,543,303
Schildersbuurt-Noord,Laakkwartier-Oost,Schildersbuurt,2005,376,318,80974.524,453981.39,82226.618,452967.68,25,5183825,1611.006,24,1735,0.8464668,543,469
Schildersbuurt-Noord,Moerwijk-West,Schildersbuurt,2004,342,147,80974.524,453981.39,79856.692,451847.38,37,5183637,2409.054,21,1744,0.8486577,590,326
Schildersbuurt-Noord,Ockenburgh,Schildersbuurt,2004,342,33,80974.524,453981.39,74513.887,452524.93,90,5181590,6622.772,1,1793,0.8601156,590,263
Schildersbuurt-Noord,Oostbroek-Zuid,Schildersbuurt,2005,376,202,80974.524,453981.39,79450.734,453384.99,35,5183135,1636.347,21,1742,0.8306808,543,432
Schildersbuurt-Oost,Kortenbos,Schildersbuurt,2008,223,148,81270.005,453579.33,80655.598,454904.27,11,5182811,1460.465,16,1835,0.9064693,280,451
Schildersbuurt-Oost,Kraayenstein,Schildersbuurt,2005,314,110,81270.005,453579.33,75133.278,451071.59,97,5181697,6629.342,2,1914,0.9307,370,165
Schildersbuurt-Oost,Laakkwartier-Oost,Schildersbuurt,2006,280,365,81270.005,453579.33,82226.618,452967.68,25,5183825,1135.441,11,1849,0.8875067,371,397
Schildersbuurt-Oost,Transvaalkwartier-Midden,Schildersbuurt,2007,255,127,81270.005,453579.33,79874.434,453753.38,33,5183033,1406.381,8,1854,0.8066128,455,715
Schildersbuurt-Oost,Waldeck-Noord,Schildersbuurt,2009,228,31,81270.005,453579.33,75725.315,453119.56,94,5181894,5563.72,2,1911,0.9408869,228,144
Schildersbuurt-West,De Vissen,Schildersbuurt,2004,488,111,80427.874,453837.54,88163.568,453221.58,120,5184420,7760.179,21,1709,0.8912297,971,83
Schildersbuurt-West,Huygenspark,Schildersbuurt,2003,416,123,80427.874,453837.54,81783.216,454185.69,18,5182718,1399.342,35,1614,0.8681011,1170,694
Schildersbuurt-West,Leyenburg,Schildersbuurt,2009,464,198,80427.874,453837.54,78248.963,452901.75,84,5183284,2371.361,37,1673,0.9015151,3586,578
Schildersbuurt-West,Morgenstond-West,Schildersbuurt,2009,464,124,80427.874,453837.54,78419.446,451765.29,88,5183488,2885.828,39,1677,0.8707598,3586,411
Schildersbuurt-West,Rivierenbuurt-Zuid,Schildersbuurt,2008,463,30,80427.874,453837.54,82448.603,454478.49,62,5182762,2119.945,1,1651,0.8837117,3590,84
Schildersbuurt-West,Vissershaven,Schildersbuurt,2003,416,76,80427.874,453837.54,78099.835,457308.96,2,5180702,4179.779,2,1598,0.89899,1170,270
Schildersbuurt-West,Waterbuurt,Schildersbuurt,2004,488,67,80427.874,453837.54,85111.622,450061.4,114,5184214,6016.371,3,1703,0.8872459,971,56
Singels,Bezuidenhout-West,Ypenburg,2003,65,59,84597.526,450403.25,82592.304,455123.84,64,5182664,5128.824,3,12027,0.628707,95,887
Singels,Bosweide,Ypenburg,2003,65,12,84597.526,450403.25,84899.888,451586.61,108,5184208,1221.372,14,12071,0.438718,95,34
Singels,Oostbroek-Zuid,Ypenburg,2007,108,194,84597.526,450403.25,79450.734,453384.99,35,5183135,5948.126,1,12002,0.7032547,79,385
Singels,Rivierenbuurt-Noord,Ypenburg,2007,108,92,84597.526,450403.25,82184.823,454877.38,63,5182763,5083.198,3,12026,0.6671692,79,195
Singels,Zeeheldenkwartier,Ypenburg,2007,108,210,84597.526,450403.25,80223.357,455467.62,45,5182245,6691.87,1,12012,0.6024224,79,618
Spoorwijk,Bomenbuurt,Laakkwartier en Spoorwijk,2005,124,68,81227.602,452158.09,78487.746,455282.72,52,5181252,4155.728,2,2557,0.7483107,97,303
Spoorwijk,Dreven en Gaarden,Laakkwartier en Spoorwijk,2007,132,243,81227.602,452158.09,78164.958,450403.42,98,5183398,3529.683,6,2599,0.7852853,117,338
Spoorwijk,Hoge Veld,Laakkwartier en Spoorwijk,2009,152,88,81227.602,452158.09,79585.362,449955.01,102,5184002,2747.823,6,2603,0.7594476,109,113
Spoorwijk,Morgenstond-Oost,Laakkwartier en Spoorwijk,2004,158,123,81227.602,452158.09,78870.825,452058.42,89,5183489,2358.884,8,2590,0.7416072,164,399
Spoorwijk,Morgenweide,Laakkwartier en Spoorwijk,2005,124,106,81227.602,452158.09,85599.035,451391.17,112,5184212,4438.197,4,2613,0.7415105,97,100
Spoorwijk,Oud Scheveningen,Laakkwartier en Spoorwijk,2006,150,71,81227.602,452158.09,78627.353,457923.01,1,5180701,6324.202,4,2509,0.706644,92,137
Stadhoudersplantsoen,Noordpolderbuurt,Duinoord,2008,27,264,78941.675,455806.33,82724.088,453294.38,26,5183826,4540.542,1,4358,0.827984,83,297
Stadhoudersplantsoen,Scheveningen Badplaats,Duinoord,2007,14,106,78941.675,455806.33,79034.031,458491.39,3,5180703,2686.647,4,4335,0.5105535,91,422
Stadhoudersplantsoen,Waterbuurt,Duinoord,2005,23,56,78941.675,455806.33,85111.622,450061.4,114,5184214,8430.448,2,4439,0.5371519,120,37
Stadhoudersplantsoen,v Hoytemastraat eo,Duinoord,2009,19,15,78941.675,455806.33,82189.176,456547.83,79,5180479,3331.08,5,4404,0.548498,92,50
Statenkwartier,Arendsdorp,Geuzen- en Statenkwartier,2006,95,6,78902.478,456799.66,81740.394,456794.29,78,5180478,2837.921,1,755,0.557126,328,59
Statenkwartier,Bezuidenhout-Oost,Geuzen- en Statenkwartier,2005,114,153,78902.478,456799.66,83467.143,455747.16,66,5182666,4684.433,13,743,0.523093,361,308
Statenkwartier,Kom Loosduinen,Geuzen- en Statenkwartier,2003,78,66,78902.478,456799.66,75966.222,452310.59,95,5181795,5364.081,4,772,0.4447183,604,252
Statenkwartier,Oostbroek-Noord,Geuzen- en Statenkwartier,2006,95,122,78902.478,456799.66,79177.217,453884.54,31,5183131,2928.033,4,712,0.7025275,328,213
Statenkwartier,Waterbuurt,Geuzen- en Statenkwartier,2008,89,69,78902.478,456799.66,85111.622,450061.4,114,5184214,9162.836,2,791,0.5907106,352,59
Statenkwartier,v Stolkpark/Schev Bosjes,Geuzen- en Statenkwartier,2003,78,3,78902.478,456799.66,79920.442,457152.55,5,5180605,1077.397,1,689,0.521619,604,103
Sweelinckplein eo,Houtwijk,Duinoord,2004,77,199,79342.008,455512.35,76992.266,452335.92,86,5181786,3951.072,4,4525,0.4845045,336,533
Sweelinckplein eo,Houtwijk,Duinoord,2009,131,186,79342.008,455512.35,76992.266,452335.92,86,5181786,3951.072,5,4525,0.5277632,239,395
Sweelinckplein eo,Nassaubuurt,Duinoord,2005,94,14,79342.008,455512.35,81674.225,456211.1,48,5180448,2434.642,2,4491,0.5739431,210,81
Sweelinckplein eo,Nieuw Waldeck,Duinoord,2009,131,170,79342.008,455512.35,76416.167,452974.26,40,5181840,3873.299,4,4483,0.5403286,239,227
Sweelinckplein eo,Rivierenbuurt-Zuid,Duinoord,2009,131,35,79342.008,455512.35,82448.603,454478.49,62,5182762,3274.109,1,4501,0.6986327,239,84
Sweelinckplein eo,Voorhout,Duinoord,2009,131,39,79342.008,455512.35,81303.553,455410.77,12,5182812,1964.173,5,4458,0.6024864,239,354
Transvaalkwartier-Midden,Burgen en Horsten,Transvaalkwartier,2005,182,81,79874.434,453753.38,84507.038,456483.6,69,5182569,5377.28,1,3368,0.8714034,583,218
Transvaalkwartier-Midden,Laakkwartier-Oost,Transvaalkwartier,2005,182,318,79874.434,453753.38,82226.618,452967.68,25,5183825,2479.936,12,3331,0.8466595,583,469
Transvaalkwartier-Midden,Spoorwijk,Transvaalkwartier,2008,94,131,79874.434,453753.38,81227.602,452158.09,23,5183823,2091.887,9,3329,0.820761,333,101
Transvaalkwartier-Midden,Zijden/Steden/Zichten,Transvaalkwartier,2008,94,194,79874.434,453753.38,77800.295,450854.71,96,5183396,3564.315,13,3395,0.8482913,333,276
Transvaalkwartier-Noord,Erasmus Veld,Transvaalkwartier,2004,138,25,79658.149,454095.83,79186.621,450542.77,101,5184001,3584.212,7,3286,0.886679,210,93
Transvaalkwartier-Noord,Houtwijk,Transvaalkwartier,2008,144,209,79658.149,454095.83,76992.266,452335.92,86,5181786,3194.401,4,3271,0.884013,156,504
Transvaalkwartier-Noord,Spoorwijk,Transvaalkwartier,2007,142,132,79658.149,454095.83,81227.602,452158.09,23,5183823,2493.592,8,3215,0.8340954,140,117
Transvaalkwartier-Noord,Valkenboskwartier,Transvaalkwartier,2006,148,283,79658.149,454095.83,78828.448,454489.27,55,5182055,918.2591,20,3244,0.8606538,197,369
Transvaalkwartier-Zuid,Houtwijk,Transvaalkwartier,2006,238,242,80119.058,453333.75,76992.266,452335.92,86,5181786,3282.147,16,3499,0.8747463,727,368
Transvaalkwartier-Zuid,Kom Loosduinen,Transvaalkwartier,2008,203,73,80119.058,453333.75,75966.222,452310.59,95,5181795,4277.022,2,3508,0.9082469,1088,215
Transvaalkwartier-Zuid,Laakkwartier-Oost,Transvaalkwartier,2003,190,289,80119.058,453333.75,82226.618,452967.68,25,5183825,2139.116,33,3445,0.8429261,1216,620
Transvaalkwartier-Zuid,Moerwijk-Oost,Transvaalkwartier,2005,234,80,80119.058,453333.75,80761.563,451911.95,20,5183620,1560.239,9,3440,0.8719202,774,121
Transvaalkwartier-Zuid,Morgenstond-Oost,Transvaalkwartier,2009,208,133,80119.058,453333.75,78870.825,452058.42,89,5183489,1784.537,16,3502,0.8726623,934,379
Transvaalkwartier-Zuid,Morgenstond-Zuid,Transvaalkwartier,2009,208,165,80119.058,453333.75,79161.745,451240.78,80,5183480,2301.518,13,3493,0.858741,934,206
Uilebomen,Eykenduynen,Centrum,2008,38,59,81806.28,454953.9,77847.231,453725.17,83,5181983,4145.34,1,1444,0.62418,125,109
Uilebomen,Kijkduin,Centrum,2004,38,16,81806.28,454953.9,75519.719,454298.21,91,5181591,6320.663,1,1452,0.5817848,787,99
Uilebomen,Kortenbos,Centrum,2003,37,115,81806.28,454953.9,80655.598,454904.27,11,5182811,1151.751,27,1379,0.6787522,819,1285
Uilebomen,Laakhaven-West,Centrum,2006,44,120,81806.28,454953.9,81545.294,453175.26,22,5183822,1797.687,1,1390,0.794408,339,477
Uilebomen,Schildersbuurt-West,Centrum,2007,38,542,81806.28,454953.9,80427.874,453837.54,15,5182915,1773.772,4,1383,0.890614,361,920
Uilebomen,Voorhout,Centrum,2005,49,30,81806.28,454953.9,81303.553,455410.77,12,5182812,679.3114,4,1380,0.6676,348,796
Uilennest,Bezuidenhout-Midden,Benoordenhout,2007,19,31,82832.896,456914.83,83018.757,455383.17,65,5182665,1542.89,3,7696,0.5725084,40,266
Uilennest,Dreven en Gaarden,Benoordenhout,2009,15,245,82832.896,456914.83,78164.958,450403.42,98,5183398,8011.747,1,7729,0.7245469,39,306
Uilennest,Vissershaven,Benoordenhout,2004,9,70,82832.896,456914.83,78099.835,457308.96,2,5180702,4749.443,1,7640,0.47964,49,222
Valkenboskwartier,De Vissen,Valkenboskwartier,2008,256,98,78828.448,454489.27,88163.568,453221.58,120,5184420,9420.802,9,5927,0.6478916,346,109
Valkenboskwartier,Laakkwartier-West,Valkenboskwartier,2004,287,239,78828.448,454489.27,81676.184,452482.26,24,5183824,3483.921,25,5838,0.7216723,524,401
Valkenboskwartier,Oud Scheveningen,Valkenboskwartier,2005,296,55,78828.448,454489.27,78627.353,457923.01,1,5180701,3439.621,4,5815,0.608452,357,185
Valkenboskwartier,Scheveningen Badplaats,Valkenboskwartier,2003,242,76,78828.448,454489.27,79034.031,458491.39,3,5180703,4007.398,7,5817,0.6392102,649,450
Valkenboskwartier,Schildersbuurt-Oost,Valkenboskwartier,2008,256,223,78828.448,454489.27,81270.005,453579.33,17,5182917,2605.606,8,5831,0.8955498,346,280
Valkenboskwartier,Schildersbuurt-West,Valkenboskwartier,2004,287,488,78828.448,454489.27,80427.874,453837.54,15,5182915,1727.112,73,5829,0.8716943,524,971
Valkenboskwartier,Waterbuurt,Valkenboskwartier,2005,296,56,78828.448,454489.27,85111.622,450061.4,114,5184214,7686.63,5,5921,0.6656234,357,37
Valkenboskwartier,Zuidwal,Valkenboskwartier,2003,242,158,78828.448,454489.27,81171.588,454554.21,14,5182814,2344.04,26,5828,0.712992,649,3192
Venen/Oorden/Raden,Burgen en Horsten,Bouwlust en Vrederust,2005,259,81,77467.131,451304.75,84507.038,456483.6,69,5182569,8739.612,10,9068,0.730395,392,218
Venen/Oorden/Raden,Kerketuinen/Zichtenburg,Bouwlust en Vrederust,2004,253,218,77467.131,451304.75,77037.443,451558.07,85,5181785,498.8025,2,9084,0.791786,345,119
Venen/Oorden/Raden,Kraayenstein,Bouwlust en Vrederust,2005,259,110,77467.131,451304.75,75133.278,451071.59,97,5181697,2345.469,4,9096,0.690949,392,165
Venen/Oorden/Raden,Laakhaven-Oost,Bouwlust en Vrederust,2009,264,102,77467.131,451304.75,82238.754,453809.14,19,5183819,5388.912,6,9025,0.8248841,340,242
Venen/Oorden/Raden,Landen,Bouwlust en Vrederust,2005,259,132,77467.131,451304.75,85024.412,456854.6,61,5182561,9376.213,8,9060,0.739788,392,121
Venen/Oorden/Raden,Spoorwijk,Bouwlust en Vrederust,2004,253,158,77467.131,451304.75,81227.602,452158.09,23,5183823,3856.079,15,9029,0.792052,345,164
Venen/Oorden/Raden,Sweelinckplein eo,Bouwlust en Vrederust,2008,272,121,77467.131,451304.75,79342.008,455512.35,43,5181143,4606.417,1,9046,0.7482362,271,193
Venen/Oorden/Raden,Zijden/Steden/Zichten,Bouwlust en Vrederust,2004,253,150,77467.131,451304.75,77800.295,450854.71,96,5183396,559.9418,42,9095,0.754039,345,366
Visserijbuurt,Haagse Bos,Scheveningen,2007,64,3,79198.093,457836.12,82562.968,456196.18,49,5182449,3743.229,1,388,0.4772228,138,57
Visserijbuurt,Oud Scheveningen,Scheveningen,2008,55,55,79198.093,457836.12,78627.353,457923.01,1,5180701,577.3168,12,343,0.3773724,129,115
Vissershaven,Bomenbuurt,Scheveningen,2007,79,68,78099.835,457308.96,78487.746,455282.72,52,5181252,2063.046,3,163,0.4100449,192,224
Vissershaven,Rond de Energiecentrale,Scheveningen,2005,86,374,78099.835,457308.96,79694.296,454604.06,10,5182110,3139.876,3,124,0.6225255,234,296
Vissershaven,Sweelinckplein eo,Scheveningen,2008,74,121,78099.835,457308.96,79342.008,455512.35,43,5181143,2184.221,3,154,0.45577,180,193
Vogelwijk,Laakhaven-West,Vogelwijk,2007,47,121,77137.431,455497.52,81545.294,453175.26,22,5183822,4982.183,1,934,0.7849972,206,444
Voorhout,Bezuidenhout-Midden,Centrum,2004,21,41,81303.553,455410.77,83018.757,455383.17,65,5182665,1715.426,1,1312,0.5798062,1109,406
Voorhout,Bloemenbuurt-Oost,Centrum,2008,22,71,81303.553,455410.77,77820.025,454928.9,51,5181251,3516.698,1,1302,0.563583,386,158
Vruchtenbuurt,Archipelbuurt,Vruchtenbuurt,2004,64,44,77415.149,453995.4,80679.999,456508.23,46,5180546,4119.9,4,5629,0.4728192,249,413
Vruchtenbuurt,Bosjes van Pex,Vruchtenbuurt,2008,62,3,77415.149,453995.4,76817.142,454333.35,81,5181481,686.896,6,5660,0.431618,238,86
Vruchtenbuurt,Groente- en Fruitmarkt,Vruchtenbuurt,2007,78,146,77415.149,453995.4,80604.298,452912.11,21,5183721,3368.111,1,5607,0.8258612,169,300
Vruchtenbuurt,Laakkwartier-West,Vruchtenbuurt,2009,64,217,77415.149,453995.4,81676.184,452482.26,24,5183824,4521.727,1,5610,0.671475,254,264
Vruchtenbuurt,Vissershaven,Vruchtenbuurt,2009,64,83,77415.149,453995.4,78099.835,457308.96,2,5180702,3383.568,1,5588,0.3768458,254,240
Waalsdorp,Bohemen/Meer en Bos,Benoordenhout,2003,12,28,81489.552,457271.43,75920.197,453795.66,92,5181492,6564.959,1,7951,0.4974246,294,192
Waalsdorp,Duinzigt,Benoordenhout,2005,23,12,81489.552,457271.43,82247.32,457869.94,76,5180476,965.6237,29,7935,0.5604416,129,67
Waalsdorp,Uilebomen,Benoordenhout,2009,22,33,81489.552,457271.43,81806.28,454953.9,13,5182813,2339.071,2,7879,0.6867303,130,171
Waalsdorp,Visserijbuurt,Benoordenhout,2006,25,68,81489.552,457271.43,79198.093,457836.12,4,5180704,2360.011,2,7870,0.5204246,88,104
Waldeck-Noord,Kampen,Waldeck,2004,22,35,75725.315,453119.56,83972.725,456051.35,67,5182567,8753.009,5,9864,0.5454699,93,84
Waldeck-Noord,Koningsplein eo,Waldeck,2005,24,142,75725.315,453119.56,79379.88,455030.03,44,5182144,4123.801,1,9845,0.5413994,80,343
Waldeck-Noord,Laakkwartier-Oost,Waldeck,2005,24,318,75725.315,453119.56,82226.618,452967.68,25,5183825,6503.076,4,9829,0.6027809,80,469
Waldeck-Noord,Laakkwartier-Oost,Waldeck,2006,31,365,75725.315,453119.56,82226.618,452967.68,25,5183825,6503.076,1,9829,0.6136031,79,397
Waldeck-Noord,Transvaalkwartier-Midden,Waldeck,2008,26,94,75725.315,453119.56,79874.434,453753.38,33,5183033,4197.251,2,9834,0.902495,94,333
Waldeck-Zuid,Rietbuurt,Waldeck,2009,32,4,75810.388,452667.99,87786.291,452421.81,121,5184421,11978.43,2,684,0.303636,52,6
Waldeck-Zuid,Schildersbuurt-West,Waldeck,2005,32,531,75810.388,452667.99,80427.874,453837.54,15,5182915,4763.299,2,585,0.901529,36,842
Waldeck-Zuid,Waterbuurt,Waldeck,2003,20,50,75810.388,452667.99,85111.622,450061.4,114,5184214,9659.568,2,677,0.4948218,44,43
Waterbuurt,Dreven en Gaarden,Ypenburg,2006,75,264,85111.622,450061.4,78164.958,450403.42,98,5183398,6955.078,4,12175,0.6753818,60,288
Waterbuurt,Duindorp,Ypenburg,2007,99,132,85111.622,450061.4,77424.544,456516.45,100,5180800,10037.87,2,12177,0.444621,71,89
Waterbuurt,Zuidwal,Ypenburg,2004,67,214,85111.622,450061.4,81171.588,454554.21,14,5182814,5975.716,1,12098,0.6451457,56,2552
Westbroekpark,Bomenbuurt,Westbroekpark en Duttendel,2005,6,68,80090.5,457832.45,78487.746,455282.72,52,5181252,3011.643,1,7459,0.4885765,60,303
Westbroekpark,Haagse Bos,Westbroekpark en Duttendel,2003,2,1,80090.5,457832.45,82562.968,456196.18,49,5182449,2964.874,1,7456,0.5223713,76,86
Westbroekpark,Zorgvliet,Westbroekpark en Duttendel,2005,6,9,80090.5,457832.45,79544.752,456290.84,41,5181041,1635.366,1,7448,0.5300955,60,110
Willemspark,Bezuidenhout-Oost,Willemspark,2006,22,125,81028.215,455949.6,83467.143,455747.16,66,5182666,2447.316,6,4961,0.5722836,80,222
Willemspark,Kerketuinen/Zichtenburg,Willemspark,2005,20,20,81028.215,455949.6,77037.443,451558.07,85,5181785,5933.956,1,4980,0.7536088,86,79
Willemspark,Nassaubuurt,Willemspark,2009,9,16,81028.215,455949.6,81674.225,456211.1,48,5180448,696.9269,6,4947,0.629068,92,99
Willemspark,Rond de Energiecentrale,Willemspark,2007,20,329,81028.215,455949.6,79694.296,454604.06,10,5182110,1894.686,2,4912,0.725531,71,308
Zeeheldenkwartier,De Bras,Zeeheldenkwartier,2004,180,36,80223.357,455467.62,86142.018,449864.37,115,5184215,8150.272,2,4782,0.552915,811,41
Zeeheldenkwartier,Eykenduynen,Zeeheldenkwartier,2003,170,53,80223.357,455467.62,77847.231,453725.17,83,5181983,2946.539,5,4750,0.5230702,972,150
Zeeheldenkwartier,Morgenstond-West,Zeeheldenkwartier,2007,210,155,80223.357,455467.62,78419.446,451765.29,88,5183488,4118.412,10,4755,0.6766604,618,399
Zeeheldenkwartier,Morgenstond-Zuid,Zeeheldenkwartier,2006,208,173,80223.357,455467.62,79161.745,451240.78,80,5183480,4358.114,6,4747,0.7069251,456,260
Zeeheldenkwartier,Schildersbuurt-Noord,Zeeheldenkwartier,2005,194,376,80223.357,455467.62,80974.524,453981.39,16,5182916,1665.268,18,4690,0.8669431,606,543
Zeeheldenkwartier,Vissershaven,Zeeheldenkwartier,2008,181,74,80223.357,455467.62,78099.835,457308.96,2,5180702,2810.677,9,4676,0.522895,566,180
Zeeheldenkwartier,Willemspark,Zeeheldenkwartier,2006,208,22,80223.357,455467.62,81028.215,455949.6,47,5182347,938.1415,1,4718,0.6376286,456,80
Zijden/Steden/Zichten,Bezuidenhout-West,Bouwlust en Vrederust,2007,170,71,77800.295,450854.71,82592.304,455123.84,64,5182664,6417.853,2,10089,0.769963,273,352
Zijden/Steden/Zichten,Duindorp,Bouwlust en Vrederust,2005,166,158,77800.295,450854.71,77424.544,456516.45,100,5180800,5674.197,4,10125,0.577402,298,93
Zijden/Steden/Zichten,Laakhaven-West,Bouwlust en Vrederust,2005,166,119,77800.295,450854.71,81545.294,453175.26,22,5183822,4405.676,4,10054,0.7873986,298,463
Zijden/Steden/Zichten,Transvaalkwartier-Noord,Bouwlust en Vrederust,2007,170,142,77800.295,450854.71,79658.149,454095.83,32,5183032,3735.839,5,10061,0.8542202,273,140
Zijden/Steden/Zichten,Vissershaven,Bouwlust en Vrederust,2003,141,76,77800.295,450854.71,78099.835,457308.96,2,5180702,6461.205,3,10034,0.5440873,270,270
Zijden/Steden/Zichten,Waldeck-Noord,Bouwlust en Vrederust,2003,141,16,77800.295,450854.71,75725.315,453119.56,94,5181894,3071.659,3,10119,0.5856064,270,157
Zonne Veld,Geuzenkwartier,Wateringse Veld,2007,59,57,80322.369,448382.87,78472.418,456729.06,8,5180908,8548.752,1,11066,0.491042,77,86
Zonne Veld,Hoge Veld,Wateringse Veld,2007,59,39,80322.369,448382.87,79585.362,449955.01,102,5184002,1736.315,17,11153,0.5632988,77,55
Zuidwal,Koningsplein eo,Centrum,2009,160,121,81171.588,454554.21,79379.88,455030.03,44,5182144,1853.813,22,1523,0.6911349,623,363
Zuidwal,Rivierenbuurt-Zuid,Centrum,2008,164,30,81171.588,454554.21,82448.603,454478.49,62,5182762,1279.257,3,1537,0.7306753,639,84
Zuidwal,Schildersbuurt-Oost,Centrum,2003,158,185,81171.588,454554.21,81270.005,453579.33,17,5182917,979.8287,13,1499,0.9002158,3192,529
Zuidwal,Schildersbuurt-Oost,Centrum,2006,188,280,81171.588,454554.21,81270.005,453579.33,17,5182917,979.8287,11,1499,0.9057842,1645,371
Zuidwal,Transvaalkwartier-Zuid,Centrum,2003,158,190,81171.588,454554.21,80119.058,453333.75,34,5183034,1611.623,11,1513,0.862289,3192,1216
v Hoytemastraat eo,Moerwijk-Oost,Benoordenhout,2003,15,62,82189.176,456547.83,80761.563,451911.95,20,5183620,4850.724,1,8114,0.621878,137,191
v Hoytemastraat eo,Morgenstond-Zuid,Benoordenhout,2005,18,170,82189.176,456547.83,79161.745,451240.78,80,5183480,6109.841,3,8167,0.6731179,68,244
v Hoytemastraat eo,Vruchtenbuurt,Benoordenhout,2004,26,64,82189.176,456547.83,77415.149,453995.4,53,5181953,5413.527,4,8144,0.485047,98,249
v Stolkpark/Schev Bosjes,Bezuidenhout-West,Van Stolkpark en Scheveningse Bosjes,2004,6,70,79920.442,457152.55,82592.304,455123.84,64,5182664,3354.778,1,513,0.6714987,62,634
v Stolkpark/Schev Bosjes,Duttendel,Van Stolkpark en Scheveningse Bosjes,2006,8,7,79920.442,457152.55,80957.974,457876.04,74,5180374,1264.875,4,523,0.5310959,50,44
